kanji,hiragana,romaji,frequency
花子,はなこ,Hanako,1
春子,はるこ,Haruko,1
夏子,なつこ,Natsuko,1
秋子,あきこ,Akiko,1
冬子,ふゆこ,Fuyuko,2
幸子,さちこ,Sachiko,1
明子,あきこ,Akiko,1
洋子,ようこ,Yoko,1
和子,かずこ,Kazuko,2
雅子,まさこ,Masako,2
敬子,けいこ,Keiko,1
道子,みちこ,Michiko,1
恵子,けいこ,Keiko,1
信子,のぶこ,Nobuko,2
淳子,じゅんこ,Junko,1
純子,じゅんこ,Junko,1
英子,えいこ,Eiko,1
千代,ちよ,Chiyo,2
千鶴,ちづる,Chizuru,3
千恵,ちえ,Chie,2
千尋,ちひろ,Chihiro,1
千夏,ちなつ,Chinatsu,1
千秋,ちあき,Chiaki,1
千冬,ちふゆ,Chifuyu,3
千春,ちはる,Chiharu,2
美代子,みよこ,Miyoko,2
美恵子,みえこ,Mieko,2
美智子,みちこ,Michiko,1
美紀子,みきこ,Mikiko,2
美佳子,みかこ,Mikako,2
里子,さとこ,Satoko,2
里佳,りか,Rika,1
里奈,りな,Rina,1
里美,さとみ,Satomi,1
里恵,りえ,Rie,2
里絵,りえ,Rie,2
里菜,りな,Rina,1
里花,りか,Rika,1
里沙,りさ,Risa,2
里穂,りほ,Riho,2
里帆,りほ,Riho,2
里香,りか,Rika,1
由美,ゆみ,Yumi,1
由美子,ゆみこ,Yumiko,2
由香,ゆか,Yuka,1
由香子,ゆかこ,Yukako,2
由紀,ゆき,Yuki,1
由紀子,ゆきこ,Yukiko,2
由佳,ゆか,Yuka,1
由梨,ゆり,Yuri,2
由衣,ゆい,Yui,1
由奈,ゆな,Yuna,1
由夏,ゆか,Yuka,1
由花,ゆか,Yuka,1
由希,ゆき,Yuki,1
由菜,ゆな,Yuna,1
由実,ゆみ,Yumi,1
由愛,ゆあ,Yua,3
真由,まゆ,Mayu,3
真由子,まゆこ,Mayuko,2
真由美,まゆみ,Mayumi,2
真由香,まゆか,Mayuka,2
麻衣,まい,Mai,1
麻衣子,まいこ,Maiko,2
麻里,まり,Mari,1
麻里子,まりこ,Mariko,2
麻美,まみ,Mami,1
麻奈,まな,Mana,1
麻菜,まな,Mana,1
麻花,まか,Maka,2
麻香,まか,Maka,2
沙織,さおり,Saori,1
沙代,さよ,Sayo,2
沙奈,さな,Sana,1
沙菜,さな,Sana,1
沙花,さか,Saka,2
沙香,さか,Saka,2
沙南,さな,Sana,3
沙希,さき,Saki,1
沙月,さつき,Satsuki,1
沙美,さみ,Sami,2
沙絵,さえ,Sae,2
沙実,さみ,Sami,2
美咲,みさき,Misaki,1
美桜,みお,Mio,1
美月,みづき,Mizuki,1
美空,みそら,Misora,3
美穂,みほ,Miho,1
美帆,みほ,Miho,1
美絵,みえ,Mie,2
美沙,みさ,Misa,2
美加,みか,Mika,1
美香,みか,Mika,1
美歌,みか,Mika,3
美織,みおり,Miori,2
美乃,みの,Mino,2
美里,みさと,Misato,2
美冬,みふゆ,Mifuyu,3
美春,みはる,Miharu,2
美夏,みか,Mika,1
美雪,みゆき,Miyuki,1
美波,みなみ,Minami,1
美羽,みわ,Miwa,2
美菜,みな,Mina,1
美奈,みな,Mina,1
美佳,みか,Mika,1
美南,みなみ,Minami,1
美実,みのり,Minori,2
美音,みね,Mine,2
奈々,なな,Nana,1
奈々子,ななこ,Nanako,2
奈那,なな,Nana,3
奈美,なみ,Nami,2
奈津,なつ,Natsu,3
奈穂,なほ,Naho,3
奈帆,なほ,Naho,3
奈絵,なえ,Nae,3
奈沙,なさ,Nasa,3
奈月,なつき,Natsuki,1
奈桜,なお,Nao,3
奈花,なか,Naka,2
奈香,なか,Naka,2
奈実,なみ,Nami,2
奈佳,なか,Naka,3
奈夏,なつ,Natsu,3
奈音,なのん,Nanon,3
奈菜,なな,Nana,1
奈南,なな,Nana,3
奈愛,なあ,Naa,3
結衣,ゆい,Yui,1
結菜,ゆな,Yuna,1
結花,ゆか,Yuka,1
結香,ゆか,Yuka,1
結音,ゆね,Yune,2
結穂,ゆほ,Yuho,2
結月,ゆつき,Yutsuki,3
結愛,ゆあ,Yua,1
結南,ゆな,Yuna,3
結実,ゆみ,Yumi,1
結桜,ゆお,Yuo,3
結奈,ゆな,Yuna,1
咲,さき,Saki,1
咲子,さきこ,Sakiko,2
咲奈,さな,Sana,1
咲菜,さな,Sana,1
咲花,さか,Saka,2
咲月,さつき,Satsuki,3
咲桜,さくら,Sakura,1
咲南,さな,Sana,3
咲実,さみ,Sami,2
咲佳,さか,Saka,2
咲音,さのん,Sanon,2
咲愛,さあ,Saa,3
咲希,さき,Saki,1
咲恵,さえ,Sae,2
葵,あおい,Aoi,1
葵子,あおいこ,Aoiko,2
葵花,あおいか,Aoika,2
葵音,あおいね,Aoine,2
葵菜,あおいな,Aoina,2
葵奈,あおいな,Aoina,2
桜,さくら,Sakura,1
桜子,さくらこ,Sakurako,2
桜花,おうか,Oka,3
桜音,さくらね,Sakurane,3
桜奈,さくらな,Sakurana,3
桜菜,さくらな,Sakurana,3
舞,まい,Mai,1
舞子,まいこ,Maiko,2
舞花,まいか,Maika,2
舞奈,まいな,Maina,2
舞音,まいね,Maine,2
舞菜,まいな,Maina,2
舞佳,まいか,Maika,2
舞香,まいか,Maika,2
陽,はる,Haru,2
陽子,ようこ,Yoko,1
陽菜,はるな,Haruna,1
陽花,はるか,Haruka,1
陽香,はるか,Haruka,1
陽南,はるな,Haruna,1
陽奈,はるな,Haruna,1
陽実,はるみ,Harumi,1
陽佳,はるか,Haruka,1
陽夏,はるか,Haruka,1
陽音,はるね,Harune,2
陽葵,ひまり,Himari,1
遥,はるか,Haruka,1
遥子,はるこ,Haruko,1
遥菜,はるな,Haruna,1
遥花,はるか,Haruka,1
遥美,はるみ,Harumi,1
遥香,はるか,Haruka,1
遥音,はるね,Harune,2
遥奈,はるな,Haruna,1
遥実,はるみ,Harumi,1
澪,みお,Mio,1
澪子,みおこ,Mioko,2
澪花,みおか,Mioka,2
澪奈,みおな,Miona,2
澪香,みおか,Mioka,2
澪音,みおね,Mione,2
澪菜,みおな,Miona,2
恋,こい,Koi,3
恋花,こいか,Koika,2
恋奈,こいな,Koina,2
恋音,こいね,Koine,2
恋菜,こいな,Koina,2
彩,あや,Aya,2
彩子,あやこ,Ayako,2
彩菜,あやな,Ayana,1
彩花,あやか,Ayaka,1
彩香,あやか,Ayaka,1
彩音,あやね,Ayane,1
彩乃,あやの,Ayano,2
彩実,あやみ,Ayami,2
彩佳,あやか,Ayaka,1
彩夏,あやか,Ayaka,1
彩奈,あやな,Ayana,1
彩月,あやつき,Ayatsuki,3
凛,りん,Rin,1
凛子,りんこ,Rinko,2
凛花,りんか,Rinka,2
凛奈,りんな,Rinna,2
凛音,りんね,Rinne,2
凛菜,りんな,Rinna,2
凛香,りんか,Rinka,2
華,はな,Hana,2
華子,はなこ,Hanako,1
華菜,かな,Kana,2
華花,はなか,Hanaka,2
華奈,はなな,Hanana,2
華音,かのん,Kanon,1
萌,もえ,Moe,1
萌子,もえこ,Moeko,2
萌菜,もな,Mona,2
萌花,もか,Moka,2
萌奈,もな,Mona,2
萌音,もね,Mone,2
琴,こと,Koto,2
琴子,ことこ,Kotoko,2
琴音,ことね,Kotone,1
琴花,ことか,Kotoka,2
琴菜,ことな,Kotona,2
琴奈,ことな,Kotona,2
詩,うた,Uta,2
詩子,うたこ,Utako,2
詩音,しおん,Shion,2
詩花,しか,Shika,2
詩奈,しな,Shina,2
詩菜,しな,Shina,2
詩織,しおり,Shiori,1
七海,ななみ,Nanami,2
七月,なつき,Natsuki,3
七音,なのん,Nanon,2
七花,なのか,Nanoka,2
七菜,なな,Nana,1
七奈,なな,Nana,1
七佳,なのか,Nanoka,2
七実,なみ,Nami,2
鈴,すず,Suzu,2
鈴子,すずこ,Suzuko,2
鈴花,すずか,Suzuka,1
鈴奈,すずな,Suzuna,1
鈴音,すずね,Suzune,2
鈴菜,すずな,Suzuna,1
鈴香,すずか,Suzuka,1
鈴美,すずみ,Suzumi,2
茜,あかね,Akane,1
茜子,あかねこ,Akaneko,3
茜花,あかねか,Akaneka,3
朱音,あかね,Akane,3
朱里,あかり,Akari,3
朱美,あけみ,Akemi,3
希,のぞみ,Nozomi,2
希子,のぞみこ,Nozomiko,3
希美,のぞみ,Nozomi,3
杏,あん,An,2
杏子,あんこ,Anko,3
杏菜,あんな,Anna,3
杏花,あんか,Anka,3
杏奈,あんな,Anna,3
杏音,あんね,Anne,3
梨花,りか,Rika,1
梨菜,りな,Rina,1
梨奈,りな,Rina,1
梨音,りのん,Rinon,3
梨沙,りさ,Risa,2
栞,しおり,Shiori,1
栞子,しおりこ,Shioriko,3
栞花,しおりか,Shiorika,3
栞奈,しおりな,Shiorina,3
栞音,しおりね,Shiorine,3
栞菜,しおりな,Shiorina,3
紬,つむぎ,Tsumugi,1
紬子,つむぎこ,Tsumugiko,3
紬花,つむか,Tsumuka,2
紬奈,つむな,Tsumuna,2
紬音,つむね,Tsumune,2
芽依,めい,Mei,1
芽以,めい,Mei,3
芽衣,めい,Mei,1
芽生,めい,Mei,1
芽花,めか,Meka,3
芽奈,めな,Mena,3
芽音,めのん,Menon,3
芽実,めみ,Memi,3
芽咲,めさき,Mesaki,3
初音,はつね,Hatsune,1
初花,はつか,Hatsuka,3
初夏,しょか,Shoka,3
初菜,はつな,Hatsuna,3
初奈,はつな,Hatsuna,3
瑠璃,るり,Ruri,2
瑠衣,るい,Rui,3
瑠美,るみ,Rumi,2
瑠奈,るな,Runa,2
瑠花,るか,Ruka,2
瑠音,るのん,Runon,2
理子,りこ,Riko,2
理美,りみ,Rimi,2
理菜,りな,Rina,1
理奈,りな,Rina,1
理花,りか,Rika,1
理音,りおん,Rion,2
理香,りか,Rika,1
理沙,りさ,Risa,2
理乃,りの,Rino,2
理恵,りえ,Rie,2
京子,きょうこ,Kyoko,3
京菜,きょうな,Kyona,3
京花,きょうか,Kyoka,3
瑞花,みずか,Mizuka,2
瑞菜,みずな,Mizuna,2
瑞奈,みずな,Mizuna,2
楓花,ふうか,Fuka,1
楓香,ふうか,Fuka,1
楓奈,ふうな,Funa,2
楓菜,ふうな,Funa,2
光子,みつこ,Mitsuko,3
月子,つきこ,Tsukiko,2
月花,つきか,Tsukika,2
月音,つきね,Tsukine,2
月奈,つきな,Tsukina,2
月菜,つきな,Tsukina,2
空子,そらこ,Sorako,2
空花,そらか,Soraka,2
空音,そらね,Sorane,2
空奈,そらな,Sorana,2
空菜,そらな,Sorana,2
莉子,りこ,Riko,2
莉沙,りさ,Risa,2
莉奈,りな,Rina,1
莉菜,りな,Rina,1
莉花,りか,Rika,1
莉香,りか,Rika,1
莉音,りおん,Rion,2
莉美,りみ,Rimi,2
莉帆,りほ,Riho,2
莉乃,りの,Rino,2
莉愛,りあ,Ria,3
真子,まこ,Mako,2
真美,まみ,Mami,1
真菜,まな,Mana,1
真奈,まな,Mana,1
真花,まか,Maka,2
真音,まのん,Manon,2
真実,まみ,Mami,1
真穂,まほ,Maho,2
真帆,まほ,Maho,2
真夏,まなつ,Manatsu,2
凪,なぎ,Nagi,2
凪子,なぎこ,Nagiko,2
凪花,なぎか,Nagika,2
凪奈,なぎな,Nagina,2
凪音,なぎね,Nagine,2
凪菜,なぎな,Nagina,2
凪沙,なぎさ,Nagisa,1
菜々子,ななこ,Nanako,2
菜々,なな,Nana,3
菜花,なか,Naka,2
菜月,なつき,Natsuki,3
菜音,なのん,Nanon,2
菜奈,なな,Nana,1
菜香,なか,Naka,2
菜実,なみ,Nami,2
菜穂,なほ,Naho,2
若葉,わかば,Wakaba,3
若菜,わかな,Wakana,3
若奈,わかな,Wakana,3
幸美,さちみ,Sachimi,2
幸恵,ゆきえ,Yukie,2
幸代,ゆきよ,Yukiyo,2
幸乃,さちの,Sachino,2
幸菜,ゆきな,Yukina,2
幸花,ゆきか,Yukika,2
幸穂,さちほ,Sachiho,2
幸帆,さちほ,Sachiho,2
和花,かずか,Kazuka,2
和奈,かずな,Kazuna,2
和音,かのん,Kanon,1
和菜,かずな,Kazuna,2
和実,かずみ,Kazumi,2
和穂,かずほ,Kazuho,2
和帆,かずほ,Kazuho,2
和乃,かずの,Kazuno,2
奏,かなで,Kanade,2
奏子,かなでこ,Kanadeko,2
奏花,かなか,Kanaka,2
奏音,かのん,Kanon,1
奏菜,かなな,Kanana,2
奏奈,かなな,Kanana,2
奏実,かなみ,Kanami,2
奏恵,かなえ,Kanae,2
蒼葉,あおば,Aoba,3
碧,みどり,Midori,3
碧花,みどりか,Midorika,3
碧奈,みどりな,Midorina,3
柚花,ゆずか,Yuzuka,1
柚香,ゆずか,Yuzuka,1
柚奈,ゆずな,Yuzuna,2
柚音,ゆずね,Yuzune,2
柚菜,ゆずな,Yuzuna,2
柚実,ゆずみ,Yuzumi,2
柚希,ゆずき,Yuzuki,2
優子,ゆうこ,Yuko,2
優花,ゆうか,Yuka,1
優香,ゆうか,Yuka,1
優奈,ゆうな,Yuna,1
優音,ゆうね,Yune,2
優菜,ゆうな,Yuna,1
優実,ゆうみ,Yumi,2
優佳,ゆうか,Yuka,1
優希,ゆうき,Yuki,2
優乃,ゆうの,Yuno,2
優羽,ゆうは,Yuha,2
玲子,れいこ,Reiko,1
玲花,れいか,Reika,1
玲奈,れいな,Reina,1
玲音,れいね,Reine,2
玲菜,れいな,Reina,1
玲香,れいか,Reika,1
玲美,れいみ,Reimi,2
玲乃,れいの,Reino,2
璃子,りこ,Riko,2
璃花,りか,Rika,1
璃奈,りな,Rina,1
璃音,りおん,Rion,2
璃菜,りな,Rina,1
晶子,あきこ,Akiko,1
晶花,あきか,Akika,2
晶奈,あきな,Akina,2
晶音,あきね,Akine,2
晶菜,あきな,Akina,3
渚,なぎさ,Nagisa,1
茉莉,まつり,Matsuri,2
茉花,まか,Maka,2
茉奈,まな,Mana,1
茉音,まのん,Manon,2
茉菜,まな,Mana,1
茉実,まみ,Mami,1
茉希,まき,Maki,2
茉乃,まの,Mano,2
薫,かおる,Kaoru,2
虹花,にじか,Nijika,3
蛍,ほたる,Hotaru,2
菫,すみれ,Sumire,2
夕子,ゆうこ,Yuko,2
夕花,ゆうか,Yuka,1
夕奈,ゆうな,Yuna,1
夕菜,ゆうな,Yuna,1
夕音,ゆうね,Yune,2
朝子,あさこ,Asako,2
朝花,あさか,Asaka,2
朝奈,あさな,Asana,2
朝音,あさね,Asane,2
朝菜,あさな,Asana,2
晴子,はるこ,Haruko,1
晴花,はるか,Haruka,1
晴奈,はるな,Haruna,1
晴音,はるね,Harune,2
晴菜,はるな,Haruna,1
雪子,ゆきこ,Yukiko,2
雪花,ゆきか,Yukika,2
雪奈,ゆきな,Yukina,2
雪音,ゆきね,Yukine,2
雪菜,ゆきな,Yukina,2
雪実,ゆきみ,Yukimi,2
雪乃,ゆきの,Yukino,2
霞,かすみ,Kasumi,2
風花,ふうか,Fuka,1
波子,なみこ,Namiko,3
咲良,さら,Sara,2
咲乃,さきの,Sakino,3
愛子,あいこ,Aiko,1
愛花,あいか,Aika,1
愛菜,あいな,Aina,1
愛奈,あいな,Aina,1
愛音,あいね,Aine,2
愛実,あいみ,Aimi,2
愛佳,あいか,Aika,1
愛乃,あいの,Aino,2
愛羽,あいは,Aiha,2
愛里,あいり,Airi,2
歩花,あゆか,Ayuka,2
歩奈,あゆな,Ayuna,2
歩音,あゆね,Ayune,3
歩菜,あゆな,Ayuna,3
歩実,あゆみ,Ayumi,2
歩美,あゆみ,Ayumi,2
歩乃,あゆの,Ayuno,2
歩希,あゆき,Ayuki,2
桃子,ももこ,Momoko,1
桃花,ももか,Momoka,1
桃奈,ももな,Momona,2
桃音,ももね,Momone,2
桃菜,ももな,Momona,2
桃香,ももか,Momoka,1
桃実,ももみ,Momomi,2
桃乃,ももの,Momono,2
桃恵,ももえ,Momoe,2
桃代,ももよ,Momoyo,2
桃希,ももき,Momoki,2
桃穂,ももほ,Momoho,2
日向,ひなた,Hinata,1
日菜,ひな,Hina,1
日花,ひか,Hika,2
心花,こころか,Kokoroka,2
心奈,こころな,Kokorona,2
心音,こころね,Kokorone,2
心菜,こころな,Kokorona,2
心実,こころみ,Kokoromi,2
珠子,たまこ,Tamako,2
珠花,たまか,Tamaka,2
珠奈,たまな,Tamana,2
珠音,たまね,Tamane,2
珠菜,たまな,Tamana,2
珠実,たまみ,Tamami,2
珠乃,たまの,Tamano,2
泉子,いずみこ,Izumiko,2
泉花,いずみか,Izumika,2
泉奈,いずみな,Izumina,2
泉音,いずみね,Izumine,2
小春,こはる,Koharu,2
小夏,こなつ,Konatsu,2
小雪,こゆき,Koyuki,2
小百合,さゆり,Sayuri,2
百合子,ゆりこ,Yuriko,2
百合花,ゆりか,Yurika,2
百合奈,ゆりな,Yurina,2
百合音,ゆりね,Yurine,2
久美子,くみこ,Kumiko,2
良子,よしこ,Yoshiko,2
良美,よしみ,Yoshimi,2
春美,はるみ,Harumi,1
春恵,はるえ,Harue,2
春代,はるよ,Haruyo,2
春奈,はるな,Haruna,1
春花,はるか,Haruka,1
夏美,なつみ,Natsumi,2
夏恵,なつえ,Natsue,2
夏奈,なつな,Natsuna,2
夏花,なつか,Natsuka,2
夏音,なつね,Natsune,2
夏希,なつき,Natsuki,1
秋奈,あきな,Akina,2
秋花,あきか,Akika,2
秋音,あきね,Akine,2
冬奈,ふゆな,Fuyuna,2
冬花,ふゆか,Fuyuka,2
冬音,ふゆね,Fuyune,2
恵美,えみ,Emi,2
恵奈,えな,Ena,2
恵理,えり,Eri,2
恵里,えり,Eri,2
絵里,えり,Eri,2
絵美,えみ,Emi,2
絵奈,えな,Ena,2
深雪,みゆき,Miyuki,1
瑠香,るか,Ruka,2
瑠菜,るな,Runa,2
瑠実,るみ,Rumi,2
瑠希,るき,Ruki,2
瑠乃,るの,Runo,2
絢子,あやこ,Ayako,2
絢花,あやか,Ayaka,1
絢奈,あやな,Ayana,1
絢音,あやね,Ayane,1
絢菜,あやな,Ayana,1
絢香,あやか,Ayaka,1
絢美,あやみ,Ayami,2
絢乃,あやの,Ayano,2
綾子,あやこ,Ayako,2
綾花,あやか,Ayaka,1
綾奈,あやな,Ayana,1
綾音,あやね,Ayane,1
綾菜,あやな,Ayana,1
綾香,あやか,Ayaka,1
綾美,あやみ,Ayami,2
綾乃,あやの,Ayano,2
詩乃,しの,Shino,2
詩帆,しほ,Shiho,2
詩穂,しほ,Shiho,2
詩実,しみ,Shimi,2
詩希,しき,Shiki,2
詩愛,しあ,Shia,3
珊瑚,さんご,Sango,3
恋美,こいみ,Koimi,2
日向子,ひなたこ,Hinatako,3
陽向,ひなた,Hinata,3
紗子,さこ,Sako,2
紗花,さか,Saka,2
紗奈,さな,Sana,1
紗音,さのん,Sanon,2
紗菜,さな,Sana,1
紗香,さか,Saka,2
紗美,さみ,Sami,2
紗乃,さの,Sano,3
紗帆,さほ,Saho,2
紗穂,さほ,Saho,2
紗実,さみ,Sami,2
紗良,さら,Sara,2
紗希,さき,Saki,1
紗里,さり,Sari,2
紗英,さえ,Sae,2
沙良,さら,Sara,2
沙英,さえ,Sae,2
沙里,さり,Sari,2
沙穂,さほ,Saho,2
沙帆,さほ,Saho,2
知花,ちはな,Chihana,2
知美,ともみ,Tomomi,2
知子,ともこ,Tomoko,2
知恵,ちえ,Chie,2
友花,ともか,Tomoka,2
友奈,ともな,Tomona,2
友美,ともみ,Tomomi,2
友香,ともか,Tomoka,2
麗子,れいこ,Reiko,1
麗花,れいか,Reika,1
麗奈,れいな,Reina,1
麗音,れいね,Reine,2
麗菜,れいな,Reina,1
麗香,れいか,Reika,1
麗美,れいみ,Reimi,2
麗乃,れいの,Reino,2
凜子,りんこ,Rinko,2
凜花,りんか,Rinka,2
凜奈,りんな,Rinna,2
凜音,りんね,Rinne,2
凜菜,りんな,Rinna,2
凜香,りんか,Rinka,2
椿,つばき,Tsubaki,2
椿子,つばきこ,Tsubakiko,2
椿花,つばきか,Tsubakika,2
椿奈,つばきな,Tsubakina,2
椿音,つばきね,Tsubakine,2
鈴蘭,すずらん,Suzuran,2
鈴乃,すずの,Suzuno,2
鈴帆,すずほ,Suzuho,2
鈴穂,すずほ,Suzuho,2
鈴希,すずき,Suzuki,2
星子,ほしこ,Hoshiko,2
星花,ほしか,Hoshika,2
星奈,ほしな,Hoshina,2
星音,ほしね,Hoshine,2
星菜,ほしな,Hoshina,2
星美,ほしみ,Hoshimi,2
月恵,つきえ,Tsukie,2
月美,つきみ,Tsukimi,2
月香,つきか,Tsukika,2
月乃,つきの,Tsukino,2
月帆,つきほ,Tsukiho,2
月穂,つきほ,Tsukiho,2
雫,しずく,Shizuku,2
雫花,しずくか,Shizukuka,2
雫奈,しずくな,Shizukuna,2
雫音,しずくね,Shizukune,2
葉月,はづき,Hazuki,2
葉帆,はほ,Haho,2
葉穂,はほ,Haho,2
藍子,あいこ,Aiko,3
亜依子,あいこ,Aiko,3
亜以子,あいこ,Aiko,3
藍花,あいか,Aika,3
藍香,あいか,Aika,1
藍佳,あいか,Aika,1
亜衣花,あいか,Aika,4
亜以花,あいか,Aika,4
亜依花,あいか,Aika,4
藍奈,あいな,Aina,3
藍菜,あいな,Aina,3
亜衣奈,あいな,Aina,4
亜依菜,あいな,Aina,4
藍音,あいね,Aine,3
亜衣音,あいね,Aine,4
藍実,あいみ,Aimi,3
藍美,あいみ,Aimi,3
亜衣実,あいみ,Aimi,4
藍乃,あいの,Aino,3
亜衣乃,あいの,Aino,4
藍羽,あいは,Aiha,3
亜衣羽,あいは,Aiha,4
藍里,あいり,Airi,3
藍梨,あいり,Airi,3
亜衣里,あいり,Airi,4
亜依里,あいり,Airi,4
碧,あおい,Aoi,1
蒼,あおい,Aoi,3
蒼依,あおい,Aoi,3
青依,あおい,Aoi,3
碧花,あおいか,Aoika,2
蒼花,あおいか,Aoika,2
青依花,あおいか,Aoika,4
碧菜,あおいな,Aoina,2
碧奈,あおいな,Aoina,2
蒼菜,あおいな,Aoina,2
碧音,あおいね,Aoine,2
蒼音,あおいね,Aoine,2
碧子,あおいこ,Aoiko,2
蒼子,あおいこ,Aoiko,2
明音,あかね,Akane,3
茜音,あかね,Akane,1
亜佳音,あかね,Akane,4
暁子,あきこ,Akiko,3
亜希子,あきこ,Akiko,3
亜紀子,あきこ,Akiko,3
彰子,あきこ,Akiko,3
昭子,あきこ,Akiko,3
暁花,あきか,Akika,3
亜希花,あきか,Akika,4
明花,あきか,Akika,3
暁奈,あきな,Akina,3
亜希奈,あきな,Akina,4
明奈,あきな,Akina,3
暁音,あきね,Akine,3
明音,あきね,Akine,3
麻子,あさこ,Asako,3
亜沙子,あさこ,Asako,4
亜佐子,あさこ,Asako,4
麻花,あさか,Asaka,3
麻香,あさか,Asaka,3
亜沙花,あさか,Asaka,4
浅香,あさか,Asaka,4
麻奈,あさな,Asana,2
麻菜,あさな,Asana,3
亜沙菜,あさな,Asana,4
麻音,あさね,Asane,3
亜沙音,あさね,Asane,4
綾,あや,Aya,2
絢,あや,Aya,2
亜弥,あや,Aya,3
文,あや,Aya,2
礼,あや,Aya,2
亜弥子,あやこ,Ayako,4
文子,あやこ,Ayako,2
亜弥花,あやか,Ayaka,4
文花,あやか,Ayaka,1
礼花,あやか,Ayaka,1
亜矢花,あやか,Ayaka,4
亜弥奈,あやな,Ayana,4
文菜,あやな,Ayana,1
礼菜,あやな,Ayana,1
亜弥音,あやね,Ayane,4
文音,あやね,Ayane,1
亜弥乃,あやの,Ayano,4
文乃,あやの,Ayano,2
綾実,あやみ,Ayami,2
絢実,あやみ,Ayami,2
亜由花,あゆか,Ayuka,4
亜由香,あゆか,Ayuka,4
亜由奈,あゆな,Ayuna,4
亜由菜,あゆな,Ayuna,4
亜由音,あゆね,Ayune,4
亜由美,あゆみ,Ayumi,4
亜由実,あゆみ,Ayumi,4
亜弓実,あゆみ,Ayumi,4
亜由乃,あゆの,Ayuno,4
亜由希,あゆき,Ayuki,4
安,あん,An,2
晏,あん,An,2
安子,あんこ,Anko,3
晏子,あんこ,Anko,3
安奈,あんな,Anna,3
安菜,あんな,Anna,3
晏菜,あんな,Anna,3
晏奈,あんな,Anna,3
安花,あんか,Anka,3
安香,あんか,Anka,3
晏花,あんか,Anka,3
安音,あんね,Anne,3
晏音,あんね,Anne,3
和泉花,いずみか,Izumika,3
和泉香,いずみか,Izumika,3
和泉奈,いずみな,Izumina,3
和泉菜,いずみな,Izumina,3
和泉音,いずみね,Izumine,3
和泉子,いずみこ,Izumiko,3
伊澄子,いずみこ,Izumiko,4
歌,うた,Uta,3
宇多,うた,Uta,3
歌子,うたこ,Utako,3
映子,えいこ,Eiko,1
栄子,えいこ,Eiko,1
瑛子,えいこ,Eiko,1
叡子,えいこ,Eiko,3
笑美,えみ,Emi,3
永美,えみ,Emi,3
栄美,えみ,Emi,2
映美,えみ,Emi,2
栄奈,えな,Ena,2
英奈,えな,Ena,2
映奈,えな,Ena,2
笑奈,えな,Ena,3
恵梨,えり,Eri,2
江梨,えり,Eri,3
英里,えり,Eri,2
枝里,えり,Eri,3
衣里,えり,Eri,3
笑里,えり,Eri,3
映里,えり,Eri,2
花菜,かな,Kana,2
佳奈,かな,Kana,2
加奈,かな,Kana,3
可奈,かな,Kana,3
叶,かな,Kana,2
叶恵,かなえ,Kanae,2
佳苗,かなえ,Kanae,3
花苗,かなえ,Kanae,3
叶,かなえ,Kanae,2
叶花,かなか,Kanaka,2
佳花,かなか,Kanaka,2
花花,かなか,Kanaka,2
花菜奈,かなな,Kanana,3
叶菜,かなな,Kanana,2
佳菜奈,かなな,Kanana,3
叶美,かなみ,Kanami,2
佳奈美,かなみ,Kanami,3
花奈美,かなみ,Kanami,3
花音,かのん,Kanon,1
佳音,かのん,Kanon,1
叶音,かのん,Kanon,1
嘉音,かのん,Kanon,3
可音,かのん,Kanon,3
花澄,かすみ,Kasumi,3
香澄,かすみ,Kasumi,4
佳澄,かすみ,Kasumi,3
可澄,かすみ,Kasumi,4
一花,かずか,Kazuka,2
佳寿花,かずか,Kazuka,3
一奈,かずな,Kazuna,2
一菜,かずな,Kazuna,2
佳寿菜,かずな,Kazuna,3
一美,かずみ,Kazumi,2
一実,かずみ,Kazumi,2
佳澄,かずみ,Kazumi,3
一穂,かずほ,Kazuho,2
一帆,かずほ,Kazuho,2
佳寿穂,かずほ,Kazuho,3
一乃,かずの,Kazuno,2
佳寿乃,かずの,Kazuno,3
一子,かずこ,Kazuko,2
佳寿子,かずこ,Kazuko,3
可寿子,かずこ,Kazuko,4
香,かおる,Kaoru,4
馨,かおる,Kaoru,4
佳織,かおる,Kaoru,3
恭子,きょうこ,Kyoko,3
響子,きょうこ,Kyoko,3
今日子,きょうこ,Kyoko,4
鏡子,きょうこ,Kyoko,3
恭花,きょうか,Kyoka,3
響花,きょうか,Kyoka,3
今日花,きょうか,Kyoka,4
恭菜,きょうな,Kyona,3
響菜,きょうな,Kyona,3
今日菜,きょうな,Kyona,4
小依,こい,Koi,3
小依花,こいか,Koika,4
恋香,こいか,Koika,2
恋佳,こいか,Koika,2
小依奈,こいな,Koina,4
恋那,こいな,Koina,4
小依音,こいね,Koine,4
恋嶺,こいね,Koine,2
小依実,こいみ,Koimi,4
心香,こころか,Kokoroka,2
心那,こころな,Kokorona,4
心美,こころみ,Kokoromi,2
古都,こと,Koto,3
言,こと,Koto,4
古都子,ことこ,Kotoko,4
言子,ことこ,Kotoko,2
古都花,ことか,Kotoka,4
古都香,ことか,Kotoka,4
言花,ことか,Kotoka,2
古都菜,ことな,Kotona,4
古都奈,ことな,Kotona,4
言菜,ことな,Kotona,2
古都音,ことね,Kotone,4
言音,ことね,Kotone,1
心春,こはる,Koharu,2
小晴,こはる,Koharu,3
心夏,こなつ,Konatsu,2
心雪,こゆき,Koyuki,3
紗織,さおり,Saori,3
早織,さおり,Saori,3
砂織,さおり,Saori,3
佐織,さおり,Saori,3
彩織,さおり,Saori,3
早希,さき,Saki,1
颯希,さき,Saki,1
幸,さき,Saki,3
小紀,さき,Saki,4
紗希子,さきこ,Sakiko,3
早希子,さきこ,Sakiko,3
紗希乃,さきの,Sakino,3
早希乃,さきの,Sakino,3
咲良,さくら,Sakura,1
朔良,さくら,Sakura,3
咲楽,さくら,Sakura,1
咲良子,さくらこ,Sakurako,3
咲良奈,さくらな,Sakurana,3
咲良菜,さくらな,Sakurana,3
咲良音,さくらね,Sakurane,3
佐知子,さちこ,Sachiko,3
佐智子,さちこ,Sachiko,3
佐知美,さちみ,Sachimi,3
幸実,さちみ,Sachimi,2
佐知乃,さちの,Sachino,3
佐知穂,さちほ,Sachiho,3
彩奈,さな,Sana,1
颯菜,さな,Sana,1
早奈,さな,Sana,1
小奈,さな,Sana,3
佐奈,さな,Sana,1
早音,さのん,Sanon,2
小音,さのん,Sanon,3
颯音,さのん,Sanon,2
早穂,さほ,Saho,2
颯帆,さほ,Saho,2
颯実,さみ,Sami,2
早実,さみ,Sami,2
小実,さみ,Sami,3
颯恵,さえ,Sae,2
佐恵,さえ,Sae,2
小恵,さえ,Sae,3
早恵,さえ,Sae,2
早花,さか,Saka,2
颯花,さか,Saka,2
佐花,さか,Saka,2
小花,さか,Saka,3
佐良,さら,Sara,2
早良,さら,Sara,2
小良,さら,Sara,3
更,さら,Sara,3
早代,さよ,Sayo,2
小代,さよ,Sayo,3
颯代,さよ,Sayo,2
颯里,さり,Sari,2
早里,さり,Sari,2
小里,さり,Sari,3
早月,さつき,Satsuki,3
颯月,さつき,Satsuki,3
五月,さつき,Satsuki,3
沙百合,さゆり,Sayuri,3
紗百合,さゆり,Sayuri,3
早百合,さゆり,Sayuri,3
佐百合,さゆり,Sayuri,3
早子,さこ,Sako,3
小子,さこ,Sako,4
彩子,さこ,Sako,2
早乃,さの,Sano,3
小乃,さの,Sano,4
聡子,さとこ,Satoko,3
智子,さとこ,Satoko,2
郷子,さとこ,Satoko,3
聡美,さとみ,Satomi,3
智美,さとみ,Satomi,1
郷実,さとみ,Satomi,3
里海,さとみ,Satomi,1
史織,しおり,Shiori,3
志織,しおり,Shiori,3
紫織,しおり,Shiori,3
汐里,しおり,Shiori,3
汐梨,しおり,Shiori,3
史織子,しおりこ,Shioriko,4
志織子,しおりこ,Shioriko,4
史織花,しおりか,Shiorika,4
栞香,しおりか,Shiorika,3
史織奈,しおりな,Shiorina,4
志織菜,しおりな,Shiorina,4
史織音,しおりね,Shiorine,4
志織音,しおりね,Shiorine,4
紫花,しか,Shika,2
史花,しか,Shika,3
志花,しか,Shika,3
紫希,しき,Shiki,2
史希,しき,Shiki,3
志希,しき,Shiki,3
紫奈,しな,Shina,2
史菜,しな,Shina,3
志菜,しな,Shina,3
紫乃,しの,Shino,2
史乃,しの,Shino,3
志乃,しの,Shino,3
四乃,しの,Shino,3
紫帆,しほ,Shiho,2
史穂,しほ,Shiho,3
志穂,しほ,Shiho,3
紫実,しみ,Shimi,2
史実,しみ,Shimi,3
志愛,しあ,Shia,3
紫愛,しあ,Shia,3
志寿久,しずく,Shizuku,4
静雫,しずく,Shizuku,4
雫香,しずくか,Shizukuka,2
静花,しずくか,Shizukuka,2
雫那,しずくな,Shizukuna,4
静奈,しずくな,Shizukuna,2
雫嶺,しずくね,Shizukune,2
紫音,しおん,Shion,2
史音,しおん,Shion,3
志音,しおん,Shion,3
諸花,しょか,Shoka,4
寿々,すず,Suzu,3
珠澄,すず,Suzu,3
寿々子,すずこ,Suzuko,4
珠澄子,すずこ,Suzuko,3
寿々花,すずか,Suzuka,4
珠々花,すずか,Suzuka,3
珠澄花,すずか,Suzuka,3
寿々奈,すずな,Suzuna,4
珠々奈,すずな,Suzuna,3
寿々音,すずね,Suzune,4
珠々音,すずね,Suzune,3
寿々実,すずみ,Suzumi,4
珠澄実,すずみ,Suzumi,3
寿々乃,すずの,Suzuno,4
珠々乃,すずの,Suzuno,3
寿々帆,すずほ,Suzuho,4
珠々穂,すずほ,Suzuho,3
寿々希,すずき,Suzuki,4
珠々希,すずき,Suzuki,3
澄麗,すみれ,Sumire,4
澄礼,すみれ,Sumire,4
蒼良子,そらこ,Sorako,4
爽子,そらこ,Sorako,4
蒼良花,そらか,Soraka,4
蒼良香,そらか,Soraka,4
蒼良奈,そらな,Sorana,4
蒼良菜,そらな,Sorana,4
蒼良音,そらね,Sorane,4
環子,たまこ,Tamako,3
球子,たまこ,Tamako,4
環花,たまか,Tamaka,3
珠香,たまか,Tamaka,2
環香,たまか,Tamaka,2
環奈,たまな,Tamana,2
環菜,たまな,Tamana,2
環音,たまね,Tamane,2
環実,たまみ,Tamami,2
環美,たまみ,Tamami,2
環乃,たまの,Tamano,2
千晶,ちあき,Chiaki,3
千明,ちあき,Chiaki,3
智秋,ちあき,Chiaki,3
知明,ちあき,Chiaki,3
智恵,ちえ,Chie,2
千江,ちえ,Chie,2
千絵,ちえ,Chie,2
千弘,ちひろ,Chihiro,3
智尋,ちひろ,Chihiro,3
知尋,ちひろ,Chihiro,3
千広,ちひろ,Chihiro,3
千紘,ちひろ,Chihiro,3
千晴,ちはる,Chiharu,3
智春,ちはる,Chiharu,2
知春,ちはる,Chiharu,2
千花,ちはな,Chihana,2
智花,ちはな,Chihana,2
智夏,ちなつ,Chinatsu,1
知夏,ちなつ,Chinatsu,1
智冬,ちふゆ,Chifuyu,3
知冬,ちふゆ,Chifuyu,3
千世,ちよ,Chiyo,2
智代,ちよ,Chiyo,2
知代,ちよ,Chiyo,2
智鶴,ちづる,Chizuru,3
知鶴,ちづる,Chizuru,3
都希子,つきこ,Tsukiko,4
都紀子,つきこ,Tsukiko,4
都希香,つきか,Tsukika,4
都希菜,つきな,Tsukina,4
都希奈,つきな,Tsukina,4
都希音,つきね,Tsukine,4
月見,つきみ,Tsukimi,3
都希実,つきみ,Tsukimi,4
都希乃,つきの,Tsukino,4
都希穂,つきほ,Tsukiho,4
都希帆,つきほ,Tsukiho,4
都希恵,つきえ,Tsukie,4
紡,つむぎ,Tsumugi,3
績,つむぎ,Tsumugi,4
紬香,つむか,Tsumuka,2
紡花,つむか,Tsumuka,2
紬那,つむな,Tsumuna,4
紡菜,つむな,Tsumuna,2
紬嶺,つむね,Tsumune,2
紡音,つむね,Tsumune,2
都婆妃,つばき,Tsubaki,4
椿香,つばきか,Tsubakika,3
都婆妃花,つばきか,Tsubakika,5
椿那,つばきな,Tsubakina,4
都婆妃菜,つばきな,Tsubakina,5
椿嶺,つばきね,Tsubakine,3
朋子,ともこ,Tomoko,2
智子,ともこ,Tomoko,2
伴子,ともこ,Tomoko,2
共子,ともこ,Tomoko,3
朋花,ともか,Tomoka,2
智花,ともか,Tomoka,2
伴花,ともか,Tomoka,2
朋香,ともか,Tomoka,2
朋奈,ともな,Tomona,2
智奈,ともな,Tomona,2
伴菜,ともな,Tomona,2
朋実,ともみ,Tomomi,2
智実,ともみ,Tomomi,2
伴実,ともみ,Tomomi,2
朋美,ともみ,Tomomi,2
渚,なぎ,Nagi,2
薙,なぎ,Nagi,2
渚子,なぎこ,Nagiko,2
薙子,なぎこ,Nagiko,2
渚花,なぎか,Nagika,2
渚香,なぎか,Nagika,2
薙花,なぎか,Nagika,2
渚奈,なぎな,Nagina,2
渚菜,なぎな,Nagina,2
薙菜,なぎな,Nagina,2
渚音,なぎね,Nagine,2
薙音,なぎね,Nagine,2
那岐沙,なぎさ,Nagisa,4
那々,なな,Nana,3
那々子,ななこ,Nanako,4
南々子,ななこ,Nanako,4
七子,ななこ,Nanako,2
那々実,ななみ,Nanami,4
奈々実,ななみ,Nanami,4
七実,ななみ,Nanami,2
南音,なのん,Nanon,3
那音,なのん,Nanon,3
七果,なのか,Nanoka,3
七夏,なのか,Nanoka,2
菜帆,なほ,Naho,2
七帆,なほ,Naho,2
七穂,なほ,Naho,2
名穂,なほ,Naho,3
七美,なみ,Nami,2
南実,なみ,Nami,3
那実,なみ,Nami,3
七美子,なみこ,Namiko,3
奈美子,なみこ,Namiko,4
夏,なつ,Natsu,2
奈都,なつ,Natsu,3
夏輝,なつき,Natsuki,1
夏樹,なつき,Natsuki,1
南月,なつき,Natsuki,3
夏香,なつか,Natsuka,2
夏佳,なつか,Natsuka,2
夏菜,なつな,Natsuna,2
夏実,なつみ,Natsumi,2
七花,なか,Naka,2
七香,なか,Naka,2
七佳,なか,Naka,2
菜緒,なお,Nao,3
奈緒,なお,Nao,3
奈央,なお,Nao,3
直,なお,Nao,2
菜絵,なえ,Nae,2
七絵,なえ,Nae,2
菜愛,なあ,Naa,3
七愛,なあ,Naa,3
菜沙,なさ,Nasa,3
七沙,なさ,Nasa,3
奈津子,なつこ,Natsuko,4
虹香,にじか,Nijika,3
虹佳,にじか,Nijika,3
望,のぞみ,Nozomi,3
望実,のぞみ,Nozomi,3
望美,のぞみ,Nozomi,3
望子,のぞみこ,Nozomiko,3
花,はな,Hana,2
葉菜,はな,Hana,2
羽菜,はな,Hana,2
花香,はなか,Hanaka,2
花佳,はなか,Hanaka,2
花夏,はなか,Hanaka,2
華香,はなか,Hanaka,2
晴香,はるか,Haruka,1
春香,はるか,Haruka,1
春佳,はるか,Haruka,1
晴佳,はるか,Haruka,1
陽子,はるこ,Haruko,1
春菜,はるな,Haruna,1
春実,はるみ,Harumi,1
晴実,はるみ,Harumi,1
晴美,はるみ,Harumi,1
春音,はるね,Harune,2
春江,はるえ,Harue,2
陽恵,はるえ,Harue,2
晴恵,はるえ,Harue,2
陽代,はるよ,Haruyo,2
晴代,はるよ,Haruyo,2
初月,はづき,Hazuki,3
羽穂,はほ,Haho,2
雛,ひな,Hina,1
妃那,ひな,Hina,4
陽菜,ひな,Hina,1
日奈多,ひなた,Hinata,3
日香,ひか,Hika,2
陽花,ひか,Hika,2
光花,ひか,Hika,2
妃花,ひか,Hika,3
日葵,ひまり,Himari,3
陽茉莉,ひまり,Himari,3
妃茉莉,ひまり,Himari,4
緋鞠,ひまり,Himari,3
火垂,ほたる,Hotaru,3
星香,ほしか,Hoshika,2
星夏,ほしか,Hoshika,2
星那,ほしな,Hoshina,4
星夏,ほしな,Hoshina,2
星嶺,ほしね,Hoshine,2
星実,ほしみ,Hoshimi,2
星海,ほしみ,Hoshimi,2
真依,まい,Mai,3
真以,まい,Mai,3
万以,まい,Mai,3
眞以,まい,Mai,3
真依子,まいこ,Maiko,3
真以子,まいこ,Maiko,3
真依花,まいか,Maika,3
真以花,まいか,Maika,3
真依香,まいか,Maika,3
真依奈,まいな,Maina,3
真依菜,まいな,Maina,3
真依音,まいね,Maine,3
真以音,まいね,Maine,3
万花,まか,Maka,2
真香,まか,Maka,2
真希,まき,Maki,2
真樹,まき,Maki,2
万希,まき,Maki,2
茉子,まこ,Mako,2
万実,まみ,Mami,1
真那,まな,Mana,4
万奈,まな,Mana,1
万菜,まな,Mana,1
万音,まのん,Manon,2
真乃,まの,Mano,2
万乃,まの,Mano,2
万穂,まほ,Maho,2
万帆,まほ,Maho,2
茉弓,まゆ,Mayu,3
麻結,まゆ,Mayu,3
万結,まゆ,Mayu,3
茉弓子,まゆこ,Mayuko,3
麻結子,まゆこ,Mayuko,3
真由実,まゆみ,Mayumi,3
麻弓実,まゆみ,Mayumi,3
真由花,まゆか,Mayuka,3
麻弓花,まゆか,Mayuka,3
真里,まり,Mari,1
茉里,まり,Mari,1
万里,まり,Mari,1
真里子,まりこ,Mariko,3
茉里子,まりこ,Mariko,3
万里子,まりこ,Mariko,3
茉夏,まなつ,Manatsu,2
万夏,まなつ,Manatsu,2
正子,まさこ,Masako,3
昌子,まさこ,Masako,3
真佐子,まさこ,Masako,3
実桜,みお,Mio,3
美緒,みお,Mio,3
水緒,みお,Mio,3
未緒,みお,Mio,3
美緒花,みおか,Mioka,3
美緒香,みおか,Mioka,3
実桜花,みおか,Mioka,3
美緒奈,みおな,Miona,3
美緒菜,みおな,Miona,3
実桜菜,みおな,Miona,3
美緒音,みおね,Mione,3
実桜音,みおね,Mione,3
美緒子,みおこ,Mioko,3
実桜子,みおこ,Mioko,3
澪里,みおり,Miori,2
美緒里,みおり,Miori,3
実桜里,みおり,Miori,3
深花,みか,Mika,1
未花,みか,Mika,1
三花,みか,Mika,1
水花,みか,Mika,3
美夏子,みかこ,Mikako,3
美花子,みかこ,Mikako,3
美樹子,みきこ,Mikiko,3
美貴子,みきこ,Mikiko,3
未紗,みさ,Misa,2
三沙,みさ,Misa,2
実咲,みさき,Misaki,3
海咲,みさき,Misaki,3
美郷,みさと,Misato,3
実里,みさと,Misato,2
実空,みそら,Misora,3
深空,みそら,Misora,3
実菜,みな,Mina,1
深菜,みな,Mina,1
水菜,みな,Mina,3
三菜,みな,Mina,1
南実,みなみ,Minami,3
南美,みなみ,Minami,3
三波,みなみ,Minami,1
峰,みね,Mine,2
嶺,みね,Mine,2
実乃,みの,Mino,2
未乃,みの,Mino,2
実,みのり,Minori,2
稔,みのり,Minori,2
実里,みのり,Minori,2
実穂,みほ,Miho,1
実帆,みほ,Miho,1
未帆,みほ,Miho,1
実春,みはる,Miharu,2
深春,みはる,Miharu,2
実冬,みふゆ,Mifuyu,3
深冬,みふゆ,Mifuyu,3
実絵,みえ,Mie,2
未絵,みえ,Mie,2
三絵,みえ,Mie,2
美絵子,みえこ,Mieko,3
実恵子,みえこ,Mieko,3
美知子,みちこ,Michiko,3
三知子,みちこ,Michiko,3
三代子,みよこ,Miyoko,3
実代子,みよこ,Miyoko,3
実雪,みゆき,Miyuki,3
三雪,みゆき,Miyuki,3
水雪,みゆき,Miyuki,3
実羽,みわ,Miwa,2
三輪,みわ,Miwa,3
未羽,みわ,Miwa,2
瑞月,みづき,Mizuki,3
水月,みづき,Mizuki,3
水花,みずか,Mizuka,3
瑞香,みずか,Mizuka,2
水香,みずか,Mizuka,3
水奈,みずな,Mizuna,3
水菜,みずな,Mizuna,3
三子,みつこ,Mitsuko,3
充子,みつこ,Mitsuko,4
満子,みつこ,Mitsuko,4
萌江,もえ,Moe,1
萌絵,もえ,Moe,1
萌江子,もえこ,Moeko,3
萌絵子,もえこ,Moeko,3
萌香,もか,Moka,2
桃花,もか,Moka,2
望花,もか,Moka,3
望奈,もな,Mona,3
望菜,もな,Mona,3
茂奈,もな,Mona,3
桃音,もね,Mone,2
望音,もね,Mone,3
百々子,ももこ,Momoko,4
桃々子,ももこ,Momoko,3
百々花,ももか,Momoka,4
桃々花,ももか,Momoka,3
桃々香,ももか,Momoka,3
桃々奈,ももな,Momona,3
百々菜,ももな,Momona,4
桃々音,ももね,Momone,3
百々音,ももね,Momone,4
桃々実,ももみ,Momomi,3
百々実,ももみ,Momomi,4
桃々乃,ももの,Momono,3
百々乃,ももの,Momono,4
桃江,ももえ,Momoe,2
桃絵,ももえ,Momoe,2
桃世,ももよ,Momoyo,2
百々代,ももよ,Momoyo,4
桃樹,ももき,Momoki,2
桃輝,ももき,Momoki,2
桃々穂,ももほ,Momoho,3
百々帆,ももほ,Momoho,4
柚愛,ゆあ,Yua,3
優愛,ゆあ,Yua,3
夕愛,ゆあ,Yua,3
結以,ゆい,Yui,3
悠依,ゆい,Yui,3
雪衣,ゆい,Yui,3
柚衣,ゆい,Yui,3
友衣,ゆい,Yui,3
優花,ゆか,Yuka,1
優香,ゆか,Yuka,1
夕花,ゆか,Yuka,1
夕香,ゆか,Yuka,1
雪花,ゆか,Yuka,1
雪香,ゆか,Yuka,1
結花子,ゆかこ,Yukako,3
柚花子,ゆかこ,Yukako,3
雪,ゆき,Yuki,1
雪希,ゆき,Yuki,1
優希,ゆき,Yuki,1
結希,ゆき,Yuki,1
弓,ゆき,Yuki,1
幸子,ゆきこ,Yukiko,2
由希花,ゆきか,Yukika,3
由希音,ゆきね,Yukine,3
雪見,ゆきみ,Yukimi,3
幸実,ゆきみ,Yukimi,2
幸乃,ゆきの,Yukino,2
雪恵,ゆきえ,Yukie,2
由希恵,ゆきえ,Yukie,3
雪代,ゆきよ,Yukiyo,2
幸世,ゆきよ,Yukiyo,2
優菜,ゆな,Yuna,1
優奈,ゆな,Yuna,1
夕奈,ゆな,Yuna,1
夕菜,ゆな,Yuna,1
悠菜,ゆな,Yuna,1
悠奈,ゆな,Yuna,1
結嶺,ゆね,Yune,2
優音,ゆね,Yune,2
夕音,ゆね,Yune,2
由音,ゆね,Yune,2
由穂,ゆほ,Yuho,2
優穂,ゆほ,Yuho,2
優実,ゆみ,Yumi,1
弓,ゆみ,Yumi,1
弓子,ゆみこ,Yumiko,2
百合,ゆり,Yuri,3
友里,ゆり,Yuri,2
柚莉,ゆり,Yuri,2
優里,ゆり,Yuri,2
結莉,ゆり,Yuri,2
友里子,ゆりこ,Yuriko,3
由梨子,ゆりこ,Yuriko,3
友里花,ゆりか,Yurika,3
由梨花,ゆりか,Yurika,3
友里奈,ゆりな,Yurina,3
由梨奈,ゆりな,Yurina,3
友里音,ゆりね,Yurine,3
由梨音,ゆりね,Yurine,3
柚夏,ゆずか,Yuzuka,1
柚那,ゆずな,Yuzuna,4
柚夏,ゆずな,Yuzuna,2
柚嶺,ゆずね,Yuzune,2
柚海,ゆずみ,Yuzumi,2
柚美,ゆずみ,Yuzumi,2
柚樹,ゆずき,Yuzuki,2
柚輝,ゆずき,Yuzuki,2
悠子,ゆうこ,Yuko,2
友子,ゆうこ,Yuko,2
悠花,ゆうか,Yuka,1
悠香,ゆうか,Yuka,1
友花,ゆうか,Yuka,1
悠奈,ゆうな,Yuna,1
悠菜,ゆうな,Yuna,1
友奈,ゆうな,Yuna,1
悠音,ゆうね,Yune,2
友音,ゆうね,Yune,2
悠実,ゆうみ,Yumi,2
悠美,ゆうみ,Yumi,2
友実,ゆうみ,Yumi,2
悠希,ゆうき,Yuki,2
友希,ゆうき,Yuki,2
悠輝,ゆうき,Yuki,2
悠乃,ゆうの,Yuno,2
友乃,ゆうの,Yuno,2
悠羽,ゆうは,Yuha,2
友羽,ゆうは,Yuha,2
由月,ゆつき,Yutsuki,3
由桜,ゆお,Yuo,3
悠桜,ゆお,Yuo,3
葉子,ようこ,Yoko,1
曜子,ようこ,Yoko,3
容子,ようこ,Yoko,3
佳子,よしこ,Yoshiko,2
芳子,よしこ,Yoshiko,3
喜子,よしこ,Yoshiko,3
吉子,よしこ,Yoshiko,3
佳美,よしみ,Yoshimi,2
佳実,よしみ,Yoshimi,2
芳実,よしみ,Yoshimi,3
芳美,よしみ,Yoshimi,3
璃愛,りあ,Ria,3
里愛,りあ,Ria,3
梨愛,りあ,Ria,3
璃恵,りえ,Rie,2
梨恵,りえ,Rie,2
莉恵,りえ,Rie,2
璃香,りか,Rika,1
梨香,りか,Rika,1
玲花,りか,Rika,1
鈴花,りか,Rika,1
麗花,りか,Rika,1
凛花,りか,Rika,1
梨子,りこ,Riko,2
鈴子,りこ,Riko,2
玲奈,りな,Rina,1
麗奈,りな,Rina,1
凛菜,りな,Rina,1
梨那,りな,Rina,4
梨乃,りの,Rino,2
璃乃,りの,Rino,2
莉野,りの,Rino,2
璃実,りみ,Rimi,2
梨実,りみ,Rimi,2
莉海,りみ,Rimi,2
理帆,りほ,Riho,2
璃帆,りほ,Riho,2
梨穂,りほ,Riho,2
璃沙,りさ,Risa,2
玲沙,りさ,Risa,2
莉紗,りさ,Risa,2
梨音,りおん,Rion,2
玲音,りおん,Rion,2
璃恩,りおん,Rion,3
里音,りのん,Rinon,3
麟,りん,Rin,4
林,りん,Rin,4
凛古,りんこ,Rinko,2
麟花,りんか,Rinka,2
凛那,りんな,Rinna,4
麟菜,りんな,Rinna,2
麟音,りんね,Rinne,2
流花,るか,Ruka,2
琉花,るか,Ruka,2
留花,るか,Ruka,2
流希,るき,Ruki,2
琉希,るき,Ruki,2
留希,るき,Ruki,2
流奈,るな,Runa,2
琉奈,るな,Runa,2
留奈,るな,Runa,2
流音,るのん,Runon,2
琉音,るのん,Runon,2
留音,るのん,Runon,2
流乃,るの,Runo,2
琉乃,るの,Runo,2
留乃,るの,Runo,2
流実,るみ,Rumi,2
琉美,るみ,Rumi,2
留美,るみ,Rumi,2
流璃,るり,Ruri,4
琉璃,るり,Ruri,4
怜子,れいこ,Reiko,1
令子,れいこ,Reiko,1
伶子,れいこ,Reiko,1
礼子,れいこ,Reiko,1
怜香,れいか,Reika,1
怜奈,れいな,Reina,1
令奈,れいな,Reina,1
怜音,れいね,Reine,2
令音,れいね,Reine,2
麗実,れいみ,Reimi,2
怜実,れいみ,Reimi,2
麗海,れいみ,Reimi,2
怜乃,れいの,Reino,2
令乃,れいの,Reino,2
和花菜,わかな,Wakana,3
若芽,わかば,Wakaba,3
愛古,あいこ,AiKo,4
愛胡,あいこ,AiKo,4
愛瑚,あいこ,AiKo,4
愛湖,あいこ,AiKo,4
藍古,あいこ,AiKo,4
藍胡,あいこ,AiKo,4
藍瑚,あいこ,AiKo,4
藍湖,あいこ,AiKo,4
亜衣子,あいこ,AiKo,5
亜衣古,あいこ,AiKo,5
亜衣胡,あいこ,AiKo,5
亜衣瑚,あいこ,AiKo,5
亜衣湖,あいこ,AiKo,5
亜以古,あいこ,AiKo,5
亜以胡,あいこ,AiKo,5
亜以瑚,あいこ,AiKo,5
亜以湖,あいこ,AiKo,5
亜依古,あいこ,AiKo,5
亜依胡,あいこ,AiKo,5
亜依瑚,あいこ,AiKo,5
亜依湖,あいこ,AiKo,5
愛香,あいか,AiKa,4
愛夏,あいか,AiKa,4
愛加,あいか,AiKa,4
愛架,あいか,AiKa,4
愛果,あいか,AiKa,4
愛歌,あいか,AiKa,4
藍夏,あいか,AiKa,4
藍加,あいか,AiKa,4
藍架,あいか,AiKa,4
藍果,あいか,AiKa,4
藍歌,あいか,AiKa,4
亜衣香,あいか,AiKa,5
亜衣佳,あいか,AiKa,5
亜衣夏,あいか,AiKa,5
亜衣加,あいか,AiKa,5
亜衣架,あいか,AiKa,5
亜衣果,あいか,AiKa,5
亜衣歌,あいか,AiKa,5
亜以香,あいか,AiKa,5
亜以佳,あいか,AiKa,5
亜以夏,あいか,AiKa,5
亜以加,あいか,AiKa,5
亜以架,あいか,AiKa,5
亜以果,あいか,AiKa,5
亜以歌,あいか,AiKa,5
亜依香,あいか,AiKa,5
亜依佳,あいか,AiKa,5
亜依夏,あいか,AiKa,5
亜依加,あいか,AiKa,5
亜依架,あいか,AiKa,5
亜依果,あいか,AiKa,5
亜依歌,あいか,AiKa,5
愛那,あいな,AiNa,4
愛南,あいな,AiNa,4
愛夏,あいな,AiNa,4
愛波,あいな,AiNa,4
藍那,あいな,AiNa,4
藍南,あいな,AiNa,4
藍夏,あいな,AiNa,4
藍波,あいな,AiNa,4
亜衣菜,あいな,AiNa,5
亜衣那,あいな,AiNa,5
亜衣南,あいな,AiNa,5
亜衣夏,あいな,AiNa,5
亜衣波,あいな,AiNa,5
亜以奈,あいな,AiNa,5
亜以菜,あいな,AiNa,5
亜以那,あいな,AiNa,5
亜以南,あいな,AiNa,5
亜以夏,あいな,AiNa,5
亜以波,あいな,AiNa,5
亜依奈,あいな,AiNa,5
亜依那,あいな,AiNa,5
亜依南,あいな,AiNa,5
亜依夏,あいな,AiNa,5
亜依波,あいな,AiNa,5
愛嶺,あいね,AiNe,4
藍嶺,あいね,AiNe,4
亜衣嶺,あいね,AiNe,5
亜以音,あいね,AiNe,5
亜以嶺,あいね,AiNe,5
亜依音,あいね,AiNe,5
亜依嶺,あいね,AiNe,5
愛野,あいの,AiNo,4
藍野,あいの,AiNo,4
亜衣野,あいの,AiNo,5
亜以乃,あいの,AiNo,5
亜以野,あいの,AiNo,5
亜依乃,あいの,AiNo,5
亜依野,あいの,AiNo,5
愛美,あいみ,AiMi,4
愛海,あいみ,AiMi,4
愛未,あいみ,AiMi,4
藍海,あいみ,AiMi,4
藍未,あいみ,AiMi,4
亜衣美,あいみ,AiMi,5
亜衣海,あいみ,AiMi,5
亜衣未,あいみ,AiMi,5
亜以美,あいみ,AiMi,5
亜以実,あいみ,AiMi,5
亜以海,あいみ,AiMi,5
亜以未,あいみ,AiMi,5
亜依美,あいみ,AiMi,5
亜依実,あいみ,AiMi,5
亜依海,あいみ,AiMi,5
亜依未,あいみ,AiMi,5
愛葉,あいは,AiHa,4
愛波,あいは,AiHa,4
愛春,あいは,AiHa,4
愛花,あいは,AiHa,4
愛華,あいは,AiHa,4
藍葉,あいは,AiHa,4
藍波,あいは,AiHa,4
藍春,あいは,AiHa,4
藍花,あいは,AiHa,4
藍華,あいは,AiHa,4
亜衣葉,あいは,AiHa,5
亜衣波,あいは,AiHa,5
亜衣春,あいは,AiHa,5
亜衣花,あいは,AiHa,5
亜衣華,あいは,AiHa,5
亜以葉,あいは,AiHa,5
亜以波,あいは,AiHa,5
亜以羽,あいは,AiHa,5
亜以春,あいは,AiHa,5
亜以花,あいは,AiHa,5
亜以華,あいは,AiHa,5
亜依葉,あいは,AiHa,5
亜依波,あいは,AiHa,5
亜依羽,あいは,AiHa,5
亜依春,あいは,AiHa,5
亜依花,あいは,AiHa,5
亜依華,あいは,AiHa,5
愛梨,あいり,AiRi,4
愛莉,あいり,AiRi,4
愛璃,あいり,AiRi,4
藍莉,あいり,AiRi,4
藍璃,あいり,AiRi,4
亜衣梨,あいり,AiRi,5
亜衣莉,あいり,AiRi,5
亜衣璃,あいり,AiRi,5
亜以里,あいり,AiRi,5
亜以梨,あいり,AiRi,5
亜以莉,あいり,AiRi,5
亜以璃,あいり,AiRi,5
亜依梨,あいり,AiRi,5
亜依莉,あいり,AiRi,5
亜依璃,あいり,AiRi,5
晶古,あきこ,AkiKo,4
晶胡,あきこ,AkiKo,4
晶瑚,あきこ,AkiKo,4
晶湖,あきこ,AkiKo,4
明古,あきこ,AkiKo,4
明胡,あきこ,AkiKo,4
明瑚,あきこ,AkiKo,4
明湖,あきこ,AkiKo,4
秋古,あきこ,AkiKo,4
秋胡,あきこ,AkiKo,4
秋瑚,あきこ,AkiKo,4
秋湖,あきこ,AkiKo,4
暁古,あきこ,AkiKo,4
暁胡,あきこ,AkiKo,4
暁瑚,あきこ,AkiKo,4
暁湖,あきこ,AkiKo,4
亜希古,あきこ,AkiKo,5
亜希胡,あきこ,AkiKo,5
亜希瑚,あきこ,AkiKo,5
亜希湖,あきこ,AkiKo,5
亜紀古,あきこ,AkiKo,5
亜紀胡,あきこ,AkiKo,5
亜紀瑚,あきこ,AkiKo,5
亜紀湖,あきこ,AkiKo,5
晶香,あきか,AkiKa,4
晶佳,あきか,AkiKa,4
晶夏,あきか,AkiKa,4
晶加,あきか,AkiKa,4
晶架,あきか,AkiKa,4
晶果,あきか,AkiKa,4
晶歌,あきか,AkiKa,4
明香,あきか,AkiKa,4
明佳,あきか,AkiKa,4
明夏,あきか,AkiKa,4
明加,あきか,AkiKa,4
明架,あきか,AkiKa,4
明果,あきか,AkiKa,4
明歌,あきか,AkiKa,4
秋香,あきか,AkiKa,4
秋佳,あきか,AkiKa,4
秋夏,あきか,AkiKa,4
秋加,あきか,AkiKa,4
秋架,あきか,AkiKa,4
秋果,あきか,AkiKa,4
秋歌,あきか,AkiKa,4
暁香,あきか,AkiKa,4
暁佳,あきか,AkiKa,4
暁夏,あきか,AkiKa,4
暁加,あきか,AkiKa,4
暁架,あきか,AkiKa,4
暁果,あきか,AkiKa,4
暁歌,あきか,AkiKa,4
亜希香,あきか,AkiKa,5
亜希佳,あきか,AkiKa,5
亜希夏,あきか,AkiKa,5
亜希加,あきか,AkiKa,5
亜希架,あきか,AkiKa,5
亜希果,あきか,AkiKa,5
亜希歌,あきか,AkiKa,5
亜紀花,あきか,AkiKa,5
亜紀香,あきか,AkiKa,5
亜紀佳,あきか,AkiKa,5
亜紀夏,あきか,AkiKa,5
亜紀加,あきか,AkiKa,5
亜紀架,あきか,AkiKa,5
亜紀果,あきか,AkiKa,5
亜紀歌,あきか,AkiKa,5
晶那,あきな,AkiNa,4
晶南,あきな,AkiNa,4
晶夏,あきな,AkiNa,4
晶波,あきな,AkiNa,4
明菜,あきな,AkiNa,4
明那,あきな,AkiNa,4
明南,あきな,AkiNa,4
明夏,あきな,AkiNa,4
明波,あきな,AkiNa,4
秋菜,あきな,AkiNa,4
秋那,あきな,AkiNa,4
秋南,あきな,AkiNa,4
秋夏,あきな,AkiNa,4
秋波,あきな,AkiNa,4
暁菜,あきな,AkiNa,4
暁那,あきな,AkiNa,4
暁南,あきな,AkiNa,4
暁夏,あきな,AkiNa,4
暁波,あきな,AkiNa,4
亜希菜,あきな,AkiNa,5
亜希那,あきな,AkiNa,5
亜希南,あきな,AkiNa,5
亜希夏,あきな,AkiNa,5
亜希波,あきな,AkiNa,5
亜紀奈,あきな,AkiNa,5
亜紀菜,あきな,AkiNa,5
亜紀那,あきな,AkiNa,5
亜紀南,あきな,AkiNa,5
亜紀夏,あきな,AkiNa,5
亜紀波,あきな,AkiNa,5
晶嶺,あきね,AkiNe,4
明嶺,あきね,AkiNe,4
秋嶺,あきね,AkiNe,4
暁嶺,あきね,AkiNe,4
亜希音,あきね,AkiNe,5
亜希嶺,あきね,AkiNe,5
亜紀音,あきね,AkiNe,5
亜紀嶺,あきね,AkiNe,5
朝古,あさこ,AsaKo,4
朝胡,あさこ,AsaKo,4
朝瑚,あさこ,AsaKo,4
朝湖,あさこ,AsaKo,4
麻古,あさこ,AsaKo,4
麻胡,あさこ,AsaKo,4
麻瑚,あさこ,AsaKo,4
麻湖,あさこ,AsaKo,4
亜沙古,あさこ,AsaKo,5
亜沙胡,あさこ,AsaKo,5
亜沙瑚,あさこ,AsaKo,5
亜沙湖,あさこ,AsaKo,5
朝香,あさか,AsaKa,4
朝佳,あさか,AsaKa,4
朝夏,あさか,AsaKa,4
朝加,あさか,AsaKa,4
朝架,あさか,AsaKa,4
朝果,あさか,AsaKa,4
朝歌,あさか,AsaKa,4
麻佳,あさか,AsaKa,4
麻夏,あさか,AsaKa,4
麻加,あさか,AsaKa,4
麻架,あさか,AsaKa,4
麻果,あさか,AsaKa,4
麻歌,あさか,AsaKa,4
亜沙香,あさか,AsaKa,5
亜沙佳,あさか,AsaKa,5
亜沙夏,あさか,AsaKa,5
亜沙加,あさか,AsaKa,5
亜沙架,あさか,AsaKa,5
亜沙果,あさか,AsaKa,5
亜沙歌,あさか,AsaKa,5
朝那,あさな,AsaNa,4
朝南,あさな,AsaNa,4
朝夏,あさな,AsaNa,4
朝波,あさな,AsaNa,4
麻那,あさな,AsaNa,4
麻南,あさな,AsaNa,4
麻夏,あさな,AsaNa,4
麻波,あさな,AsaNa,4
亜沙奈,あさな,AsaNa,5
亜沙那,あさな,AsaNa,5
亜沙南,あさな,AsaNa,5
亜沙夏,あさな,AsaNa,5
亜沙波,あさな,AsaNa,5
朝嶺,あさね,AsaNe,4
麻嶺,あさね,AsaNe,4
亜沙嶺,あさね,AsaNe,5
彩古,あやこ,AyaKo,4
彩胡,あやこ,AyaKo,4
彩瑚,あやこ,AyaKo,4
彩湖,あやこ,AyaKo,4
綾古,あやこ,AyaKo,4
綾胡,あやこ,AyaKo,4
綾瑚,あやこ,AyaKo,4
綾湖,あやこ,AyaKo,4
絢古,あやこ,AyaKo,4
絢胡,あやこ,AyaKo,4
絢瑚,あやこ,AyaKo,4
絢湖,あやこ,AyaKo,4
亜弥古,あやこ,AyaKo,5
亜弥胡,あやこ,AyaKo,5
亜弥瑚,あやこ,AyaKo,5
亜弥湖,あやこ,AyaKo,5
文古,あやこ,AyaKo,4
文胡,あやこ,AyaKo,4
文瑚,あやこ,AyaKo,4
文湖,あやこ,AyaKo,4
彩加,あやか,AyaKa,4
彩架,あやか,AyaKa,4
彩果,あやか,AyaKa,4
彩歌,あやか,AyaKa,4
綾佳,あやか,AyaKa,4
綾夏,あやか,AyaKa,4
綾加,あやか,AyaKa,4
綾架,あやか,AyaKa,4
綾果,あやか,AyaKa,4
綾歌,あやか,AyaKa,4
絢佳,あやか,AyaKa,4
絢夏,あやか,AyaKa,4
絢加,あやか,AyaKa,4
絢架,あやか,AyaKa,4
絢果,あやか,AyaKa,4
絢歌,あやか,AyaKa,4
亜弥香,あやか,AyaKa,5
亜弥佳,あやか,AyaKa,5
亜弥夏,あやか,AyaKa,5
亜弥加,あやか,AyaKa,5
亜弥架,あやか,AyaKa,5
亜弥果,あやか,AyaKa,5
亜弥歌,あやか,AyaKa,5
文香,あやか,AyaKa,4
文佳,あやか,AyaKa,4
文夏,あやか,AyaKa,4
文加,あやか,AyaKa,4
文架,あやか,AyaKa,4
文果,あやか,AyaKa,4
文歌,あやか,AyaKa,4
彩那,あやな,AyaNa,4
彩南,あやな,AyaNa,4
彩夏,あやな,AyaNa,4
彩波,あやな,AyaNa,4
綾那,あやな,AyaNa,4
綾南,あやな,AyaNa,4
綾夏,あやな,AyaNa,4
綾波,あやな,AyaNa,4
絢那,あやな,AyaNa,4
絢南,あやな,AyaNa,4
絢夏,あやな,AyaNa,4
絢波,あやな,AyaNa,4
亜弥菜,あやな,AyaNa,5
亜弥那,あやな,AyaNa,5
亜弥南,あやな,AyaNa,5
亜弥夏,あやな,AyaNa,5
亜弥波,あやな,AyaNa,5
文奈,あやな,AyaNa,4
文那,あやな,AyaNa,4
文南,あやな,AyaNa,4
文夏,あやな,AyaNa,4
文波,あやな,AyaNa,4
彩嶺,あやね,AyaNe,4
綾嶺,あやね,AyaNe,4
絢嶺,あやね,AyaNe,4
亜弥嶺,あやね,AyaNe,5
文嶺,あやね,AyaNe,4
彩野,あやの,AyaNo,4
綾野,あやの,AyaNo,4
絢野,あやの,AyaNo,4
亜弥野,あやの,AyaNo,5
文野,あやの,AyaNo,4
彩美,あやみ,AyaMi,4
彩海,あやみ,AyaMi,4
彩未,あやみ,AyaMi,4
綾海,あやみ,AyaMi,4
綾未,あやみ,AyaMi,4
絢海,あやみ,AyaMi,4
絢未,あやみ,AyaMi,4
亜弥美,あやみ,AyaMi,5
亜弥実,あやみ,AyaMi,5
亜弥海,あやみ,AyaMi,5
亜弥未,あやみ,AyaMi,5
文美,あやみ,AyaMi,4
文実,あやみ,AyaMi,4
文海,あやみ,AyaMi,4
文未,あやみ,AyaMi,4
歩香,あゆか,AyuKa,4
歩佳,あゆか,AyuKa,4
歩夏,あゆか,AyuKa,4
歩加,あゆか,AyuKa,4
歩架,あゆか,AyuKa,4
歩果,あゆか,AyuKa,4
歩歌,あゆか,AyuKa,4
亜由佳,あゆか,AyuKa,5
亜由夏,あゆか,AyuKa,5
亜由加,あゆか,AyuKa,5
亜由架,あゆか,AyuKa,5
亜由果,あゆか,AyuKa,5
亜由歌,あゆか,AyuKa,5
歩那,あゆな,AyuNa,4
歩南,あゆな,AyuNa,4
歩夏,あゆな,AyuNa,4
歩波,あゆな,AyuNa,4
亜由那,あゆな,AyuNa,5
亜由南,あゆな,AyuNa,5
亜由夏,あゆな,AyuNa,5
亜由波,あゆな,AyuNa,5
歩嶺,あゆね,AyuNe,4
亜由嶺,あゆね,AyuNe,5
歩野,あゆの,AyuNo,4
亜由野,あゆの,AyuNo,5
歩海,あゆみ,AyuMi,4
歩未,あゆみ,AyuMi,4
亜由海,あゆみ,AyuMi,5
亜由未,あゆみ,AyuMi,5
歩樹,あゆき,AyuKi,4
歩輝,あゆき,AyuKi,4
歩紀,あゆき,AyuKi,4
亜由樹,あゆき,AyuKi,5
亜由輝,あゆき,AyuKi,5
亜由紀,あゆき,AyuKi,5
泉古,いずみこ,IzumiKo,4
泉胡,いずみこ,IzumiKo,4
泉瑚,いずみこ,IzumiKo,4
泉湖,いずみこ,IzumiKo,4
和泉古,いずみこ,IzumiKo,5
和泉胡,いずみこ,IzumiKo,5
和泉瑚,いずみこ,IzumiKo,5
和泉湖,いずみこ,IzumiKo,5
伊澄古,いずみこ,IzumiKo,5
伊澄胡,いずみこ,IzumiKo,5
伊澄瑚,いずみこ,IzumiKo,5
伊澄湖,いずみこ,IzumiKo,5
泉香,いずみか,IzumiKa,4
泉佳,いずみか,IzumiKa,4
泉夏,いずみか,IzumiKa,4
泉加,いずみか,IzumiKa,4
泉架,いずみか,IzumiKa,4
泉果,いずみか,IzumiKa,4
泉歌,いずみか,IzumiKa,4
和泉佳,いずみか,IzumiKa,5
和泉夏,いずみか,IzumiKa,5
和泉加,いずみか,IzumiKa,5
和泉架,いずみか,IzumiKa,5
和泉果,いずみか,IzumiKa,5
和泉歌,いずみか,IzumiKa,5
伊澄花,いずみか,IzumiKa,5
伊澄香,いずみか,IzumiKa,5
伊澄佳,いずみか,IzumiKa,5
伊澄夏,いずみか,IzumiKa,5
伊澄加,いずみか,IzumiKa,5
伊澄架,いずみか,IzumiKa,5
伊澄果,いずみか,IzumiKa,5
伊澄歌,いずみか,IzumiKa,5
泉菜,いずみな,IzumiNa,4
泉那,いずみな,IzumiNa,4
泉南,いずみな,IzumiNa,4
泉夏,いずみな,IzumiNa,4
泉波,いずみな,IzumiNa,4
和泉那,いずみな,IzumiNa,5
和泉南,いずみな,IzumiNa,5
和泉夏,いずみな,IzumiNa,5
和泉波,いずみな,IzumiNa,5
伊澄奈,いずみな,IzumiNa,5
伊澄菜,いずみな,IzumiNa,5
伊澄那,いずみな,IzumiNa,5
伊澄南,いずみな,IzumiNa,5
伊澄夏,いずみな,IzumiNa,5
伊澄波,いずみな,IzumiNa,5
泉嶺,いずみね,IzumiNe,4
和泉嶺,いずみね,IzumiNe,5
伊澄音,いずみね,IzumiNe,5
伊澄嶺,いずみね,IzumiNe,5
詩古,うたこ,UtaKo,4
詩胡,うたこ,UtaKo,4
詩瑚,うたこ,UtaKo,4
詩湖,うたこ,UtaKo,4
歌古,うたこ,UtaKo,4
歌胡,うたこ,UtaKo,4
歌瑚,うたこ,UtaKo,4
歌湖,うたこ,UtaKo,4
英古,えいこ,EiKo,4
英胡,えいこ,EiKo,4
英瑚,えいこ,EiKo,4
英湖,えいこ,EiKo,4
映古,えいこ,EiKo,4
映胡,えいこ,EiKo,4
映瑚,えいこ,EiKo,4
映湖,えいこ,EiKo,4
栄古,えいこ,EiKo,4
栄胡,えいこ,EiKo,4
栄瑚,えいこ,EiKo,4
栄湖,えいこ,EiKo,4
瑛古,えいこ,EiKo,4
瑛胡,えいこ,EiKo,4
瑛瑚,えいこ,EiKo,4
瑛湖,えいこ,EiKo,4
和古,かずこ,KazuKo,4
和胡,かずこ,KazuKo,4
和瑚,かずこ,KazuKo,4
和湖,かずこ,KazuKo,4
一古,かずこ,KazuKo,4
一胡,かずこ,KazuKo,4
一瑚,かずこ,KazuKo,4
一湖,かずこ,KazuKo,4
佳寿古,かずこ,KazuKo,5
佳寿胡,かずこ,KazuKo,5
佳寿瑚,かずこ,KazuKo,5
佳寿湖,かずこ,KazuKo,5
和香,かずか,KazuKa,4
和佳,かずか,KazuKa,4
和夏,かずか,KazuKa,4
和加,かずか,KazuKa,4
和架,かずか,KazuKa,4
和果,かずか,KazuKa,4
和歌,かずか,KazuKa,4
一香,かずか,KazuKa,4
一佳,かずか,KazuKa,4
一夏,かずか,KazuKa,4
一加,かずか,KazuKa,4
一架,かずか,KazuKa,4
一果,かずか,KazuKa,4
一歌,かずか,KazuKa,4
佳寿香,かずか,KazuKa,5
佳寿佳,かずか,KazuKa,5
佳寿夏,かずか,KazuKa,5
佳寿加,かずか,KazuKa,5
佳寿架,かずか,KazuKa,5
佳寿果,かずか,KazuKa,5
佳寿歌,かずか,KazuKa,5
和那,かずな,KazuNa,4
和南,かずな,KazuNa,4
和夏,かずな,KazuNa,4
和波,かずな,KazuNa,4
一那,かずな,KazuNa,4
一南,かずな,KazuNa,4
一夏,かずな,KazuNa,4
一波,かずな,KazuNa,4
佳寿奈,かずな,KazuNa,5
佳寿那,かずな,KazuNa,5
佳寿南,かずな,KazuNa,5
佳寿夏,かずな,KazuNa,5
佳寿波,かずな,KazuNa,5
和野,かずの,KazuNo,4
一野,かずの,KazuNo,4
佳寿野,かずの,KazuNo,5
和美,かずみ,KazuMi,4
和海,かずみ,KazuMi,4
和未,かずみ,KazuMi,4
一海,かずみ,KazuMi,4
一未,かずみ,KazuMi,4
佳寿美,かずみ,KazuMi,5
佳寿実,かずみ,KazuMi,5
佳寿海,かずみ,KazuMi,5
佳寿未,かずみ,KazuMi,5
和星,かずほ,KazuHo,4
一星,かずほ,KazuHo,4
佳寿帆,かずほ,KazuHo,5
佳寿星,かずほ,KazuHo,5
奏香,かなか,KanaKa,4
奏佳,かなか,KanaKa,4
奏夏,かなか,KanaKa,4
奏加,かなか,KanaKa,4
奏架,かなか,KanaKa,4
奏果,かなか,KanaKa,4
奏歌,かなか,KanaKa,4
叶香,かなか,KanaKa,4
叶佳,かなか,KanaKa,4
叶夏,かなか,KanaKa,4
叶加,かなか,KanaKa,4
叶架,かなか,KanaKa,4
叶果,かなか,KanaKa,4
叶歌,かなか,KanaKa,4
花菜花,かなか,KanaKa,5
花菜香,かなか,KanaKa,5
花菜佳,かなか,KanaKa,5
花菜夏,かなか,KanaKa,5
花菜加,かなか,KanaKa,5
花菜架,かなか,KanaKa,5
花菜果,かなか,KanaKa,5
花菜歌,かなか,KanaKa,5
佳奈花,かなか,KanaKa,5
佳奈香,かなか,KanaKa,5
佳奈佳,かなか,KanaKa,5
佳奈夏,かなか,KanaKa,5
佳奈加,かなか,KanaKa,5
佳奈架,かなか,KanaKa,5
佳奈果,かなか,KanaKa,5
佳奈歌,かなか,KanaKa,5
加奈花,かなか,KanaKa,5
加奈香,かなか,KanaKa,5
加奈佳,かなか,KanaKa,5
加奈夏,かなか,KanaKa,5
加奈加,かなか,KanaKa,5
加奈架,かなか,KanaKa,5
加奈果,かなか,KanaKa,5
加奈歌,かなか,KanaKa,5
奏那,かなな,KanaNa,4
奏南,かなな,KanaNa,4
奏夏,かなな,KanaNa,4
奏波,かなな,KanaNa,4
叶奈,かなな,KanaNa,4
叶那,かなな,KanaNa,4
叶南,かなな,KanaNa,4
叶夏,かなな,KanaNa,4
叶波,かなな,KanaNa,4
花菜菜,かなな,KanaNa,5
花菜那,かなな,KanaNa,5
花菜南,かなな,KanaNa,5
花菜夏,かなな,KanaNa,5
花菜波,かなな,KanaNa,5
佳奈奈,かなな,KanaNa,5
佳奈菜,かなな,KanaNa,5
佳奈那,かなな,KanaNa,5
佳奈南,かなな,KanaNa,5
佳奈夏,かなな,KanaNa,5
佳奈波,かなな,KanaNa,5
加奈奈,かなな,KanaNa,5
加奈菜,かなな,KanaNa,5
加奈那,かなな,KanaNa,5
加奈南,かなな,KanaNa,5
加奈夏,かなな,KanaNa,5
加奈波,かなな,KanaNa,5
奏美,かなみ,KanaMi,4
奏海,かなみ,KanaMi,4
奏未,かなみ,KanaMi,4
叶実,かなみ,KanaMi,4
叶海,かなみ,KanaMi,4
叶未,かなみ,KanaMi,4
花菜美,かなみ,KanaMi,5
花菜実,かなみ,KanaMi,5
花菜海,かなみ,KanaMi,5
花菜未,かなみ,KanaMi,5
佳奈実,かなみ,KanaMi,5
佳奈海,かなみ,KanaMi,5
佳奈未,かなみ,KanaMi,5
加奈美,かなみ,KanaMi,5
加奈実,かなみ,KanaMi,5
加奈海,かなみ,KanaMi,5
加奈未,かなみ,KanaMi,5
奏絵,かなえ,KanaE,4
奏江,かなえ,KanaE,4
叶絵,かなえ,KanaE,4
叶江,かなえ,KanaE,4
花菜恵,かなえ,KanaE,5
花菜絵,かなえ,KanaE,5
花菜江,かなえ,KanaE,5
佳奈恵,かなえ,KanaE,5
佳奈絵,かなえ,KanaE,5
佳奈江,かなえ,KanaE,5
加奈恵,かなえ,KanaE,5
加奈絵,かなえ,KanaE,5
加奈江,かなえ,KanaE,5
恋夏,こいか,KoiKa,4
恋加,こいか,KoiKa,4
恋架,こいか,KoiKa,4
恋果,こいか,KoiKa,4
恋歌,こいか,KoiKa,4
小依香,こいか,KoiKa,5
小依佳,こいか,KoiKa,5
小依夏,こいか,KoiKa,5
小依加,こいか,KoiKa,5
小依架,こいか,KoiKa,5
小依果,こいか,KoiKa,5
小依歌,こいか,KoiKa,5
恋南,こいな,KoiNa,4
恋夏,こいな,KoiNa,4
恋波,こいな,KoiNa,4
小依菜,こいな,KoiNa,5
小依那,こいな,KoiNa,5
小依南,こいな,KoiNa,5
小依夏,こいな,KoiNa,5
小依波,こいな,KoiNa,5
小依嶺,こいね,KoiNe,5
恋実,こいみ,KoiMi,4
恋海,こいみ,KoiMi,4
恋未,こいみ,KoiMi,4
小依美,こいみ,KoiMi,5
小依海,こいみ,KoiMi,5
小依未,こいみ,KoiMi,5
心佳,こころか,KokoroKa,4
心夏,こころか,KokoroKa,4
心加,こころか,KokoroKa,4
心架,こころか,KokoroKa,4
心果,こころか,KokoroKa,4
心歌,こころか,KokoroKa,4
心南,こころな,KokoroNa,4
心夏,こころな,KokoroNa,4
心波,こころな,KokoroNa,4
心嶺,こころね,KokoroNe,4
心海,こころみ,KokoroMi,4
心未,こころみ,KokoroMi,4
琴古,ことこ,KotoKo,4
琴胡,ことこ,KotoKo,4
琴瑚,ことこ,KotoKo,4
琴湖,ことこ,KotoKo,4
古都古,ことこ,KotoKo,5
古都胡,ことこ,KotoKo,5
古都瑚,ことこ,KotoKo,5
古都湖,ことこ,KotoKo,5
言古,ことこ,KotoKo,4
言胡,ことこ,KotoKo,4
言瑚,ことこ,KotoKo,4
言湖,ことこ,KotoKo,4
琴香,ことか,KotoKa,4
琴佳,ことか,KotoKa,4
琴夏,ことか,KotoKa,4
琴加,ことか,KotoKa,4
琴架,ことか,KotoKa,4
琴果,ことか,KotoKa,4
琴歌,ことか,KotoKa,4
古都佳,ことか,KotoKa,5
古都夏,ことか,KotoKa,5
古都加,ことか,KotoKa,5
古都架,ことか,KotoKa,5
古都果,ことか,KotoKa,5
古都歌,ことか,KotoKa,5
言香,ことか,KotoKa,4
言佳,ことか,KotoKa,4
言夏,ことか,KotoKa,4
言加,ことか,KotoKa,4
言架,ことか,KotoKa,4
言果,ことか,KotoKa,4
言歌,ことか,KotoKa,4
琴那,ことな,KotoNa,4
琴南,ことな,KotoNa,4
琴夏,ことな,KotoNa,4
琴波,ことな,KotoNa,4
古都那,ことな,KotoNa,5
古都南,ことな,KotoNa,5
古都夏,ことな,KotoNa,5
古都波,ことな,KotoNa,5
言奈,ことな,KotoNa,4
言那,ことな,KotoNa,4
言南,ことな,KotoNa,4
言夏,ことな,KotoNa,4
言波,ことな,KotoNa,4
琴嶺,ことね,KotoNe,4
古都嶺,ことね,KotoNe,5
言嶺,ことね,KotoNe,4
咲古,さきこ,SakiKo,4
咲胡,さきこ,SakiKo,4
咲瑚,さきこ,SakiKo,4
咲湖,さきこ,SakiKo,4
紗希古,さきこ,SakiKo,5
紗希胡,さきこ,SakiKo,5
紗希瑚,さきこ,SakiKo,5
紗希湖,さきこ,SakiKo,5
沙希子,さきこ,SakiKo,5
沙希古,さきこ,SakiKo,5
沙希胡,さきこ,SakiKo,5
沙希瑚,さきこ,SakiKo,5
沙希湖,さきこ,SakiKo,5
早希古,さきこ,SakiKo,5
早希胡,さきこ,SakiKo,5
早希瑚,さきこ,SakiKo,5
早希湖,さきこ,SakiKo,5
咲野,さきの,SakiNo,4
紗希野,さきの,SakiNo,5
沙希乃,さきの,SakiNo,5
沙希野,さきの,SakiNo,5
早希野,さきの,SakiNo,5
桜良,さくら,SakuRa,4
桜楽,さくら,SakuRa,4
幸古,さちこ,SachiKo,4
幸胡,さちこ,SachiKo,4
幸瑚,さちこ,SachiKo,4
幸湖,さちこ,SachiKo,4
佐知古,さちこ,SachiKo,5
佐知胡,さちこ,SachiKo,5
佐知瑚,さちこ,SachiKo,5
佐知湖,さちこ,SachiKo,5
佐智古,さちこ,SachiKo,5
佐智胡,さちこ,SachiKo,5
佐智瑚,さちこ,SachiKo,5
佐智湖,さちこ,SachiKo,5
幸野,さちの,SachiNo,4
佐知野,さちの,SachiNo,5
佐智乃,さちの,SachiNo,5
佐智野,さちの,SachiNo,5
幸海,さちみ,SachiMi,4
幸未,さちみ,SachiMi,4
佐知実,さちみ,SachiMi,5
佐知海,さちみ,SachiMi,5
佐知未,さちみ,SachiMi,5
佐智美,さちみ,SachiMi,5
佐智実,さちみ,SachiMi,5
佐智海,さちみ,SachiMi,5
佐智未,さちみ,SachiMi,5
幸星,さちほ,SachiHo,4
佐知帆,さちほ,SachiHo,5
佐知星,さちほ,SachiHo,5
佐智穂,さちほ,SachiHo,5
佐智帆,さちほ,SachiHo,5
佐智星,さちほ,SachiHo,5
汐莉,しおり,ShioRi,4
汐璃,しおり,ShioRi,4
潮里,しおり,ShioRi,4
潮梨,しおり,ShioRi,4
潮莉,しおり,ShioRi,4
潮璃,しおり,ShioRi,4
詩桜里,しおり,ShioRi,5
詩桜梨,しおり,ShioRi,5
詩桜莉,しおり,ShioRi,5
詩桜璃,しおり,ShioRi,5
詩織子,しおりこ,ShioriKo,5
詩織古,しおりこ,ShioriKo,5
詩織胡,しおりこ,ShioriKo,5
詩織瑚,しおりこ,ShioriKo,5
詩織湖,しおりこ,ShioriKo,5
栞古,しおりこ,ShioriKo,4
栞胡,しおりこ,ShioriKo,4
栞瑚,しおりこ,ShioriKo,4
栞湖,しおりこ,ShioriKo,4
史織古,しおりこ,ShioriKo,5
史織胡,しおりこ,ShioriKo,5
史織瑚,しおりこ,ShioriKo,5
史織湖,しおりこ,ShioriKo,5
志織古,しおりこ,ShioriKo,5
志織胡,しおりこ,ShioriKo,5
志織瑚,しおりこ,ShioriKo,5
志織湖,しおりこ,ShioriKo,5
詩織花,しおりか,ShioriKa,5
詩織香,しおりか,ShioriKa,5
詩織佳,しおりか,ShioriKa,5
詩織夏,しおりか,ShioriKa,5
詩織加,しおりか,ShioriKa,5
詩織架,しおりか,ShioriKa,5
詩織果,しおりか,ShioriKa,5
詩織歌,しおりか,ShioriKa,5
栞佳,しおりか,ShioriKa,4
栞夏,しおりか,ShioriKa,4
栞加,しおりか,ShioriKa,4
栞架,しおりか,ShioriKa,4
栞果,しおりか,ShioriKa,4
栞歌,しおりか,ShioriKa,4
史織香,しおりか,ShioriKa,5
史織佳,しおりか,ShioriKa,5
史織夏,しおりか,ShioriKa,5
史織加,しおりか,ShioriKa,5
史織架,しおりか,ShioriKa,5
史織果,しおりか,ShioriKa,5
史織歌,しおりか,ShioriKa,5
志織花,しおりか,ShioriKa,5
志織香,しおりか,ShioriKa,5
志織佳,しおりか,ShioriKa,5
志織夏,しおりか,ShioriKa,5
志織加,しおりか,ShioriKa,5
志織架,しおりか,ShioriKa,5
志織果,しおりか,ShioriKa,5
志織歌,しおりか,ShioriKa,5
詩織奈,しおりな,ShioriNa,5
詩織菜,しおりな,ShioriNa,5
詩織那,しおりな,ShioriNa,5
詩織南,しおりな,ShioriNa,5
詩織夏,しおりな,ShioriNa,5
詩織波,しおりな,ShioriNa,5
栞那,しおりな,ShioriNa,4
栞南,しおりな,ShioriNa,4
栞夏,しおりな,ShioriNa,4
栞波,しおりな,ShioriNa,4
史織菜,しおりな,ShioriNa,5
史織那,しおりな,ShioriNa,5
史織南,しおりな,ShioriNa,5
史織夏,しおりな,ShioriNa,5
史織波,しおりな,ShioriNa,5
志織奈,しおりな,ShioriNa,5
志織那,しおりな,ShioriNa,5
志織南,しおりな,ShioriNa,5
志織夏,しおりな,ShioriNa,5
志織波,しおりな,ShioriNa,5
詩織音,しおりね,ShioriNe,5
詩織嶺,しおりね,ShioriNe,5
栞嶺,しおりね,ShioriNe,4
史織嶺,しおりね,ShioriNe,5
志織嶺,しおりね,ShioriNe,5
雫佳,しずくか,ShizukuKa,4
雫夏,しずくか,ShizukuKa,4
雫加,しずくか,ShizukuKa,4
雫架,しずくか,ShizukuKa,4
雫果,しずくか,ShizukuKa,4
雫歌,しずくか,ShizukuKa,4
静香,しずくか,ShizukuKa,4
静佳,しずくか,ShizukuKa,4
静夏,しずくか,ShizukuKa,4
静加,しずくか,ShizukuKa,4
静架,しずくか,ShizukuKa,4
静果,しずくか,ShizukuKa,4
静歌,しずくか,ShizukuKa,4
雫菜,しずくな,ShizukuNa,4
雫南,しずくな,ShizukuNa,4
雫夏,しずくな,ShizukuNa,4
雫波,しずくな,ShizukuNa,4
静菜,しずくな,ShizukuNa,4
静那,しずくな,ShizukuNa,4
静南,しずくな,ShizukuNa,4
静夏,しずくな,ShizukuNa,4
静波,しずくな,ShizukuNa,4
静音,しずくね,ShizukuNe,4
静嶺,しずくね,ShizukuNe,4
鈴古,すずこ,SuzuKo,4
鈴胡,すずこ,SuzuKo,4
鈴瑚,すずこ,SuzuKo,4
鈴湖,すずこ,SuzuKo,4
寿々古,すずこ,SuzuKo,5
寿々胡,すずこ,SuzuKo,5
寿々瑚,すずこ,SuzuKo,5
寿々湖,すずこ,SuzuKo,5
珠澄古,すずこ,SuzuKo,5
珠澄胡,すずこ,SuzuKo,5
珠澄瑚,すずこ,SuzuKo,5
珠澄湖,すずこ,SuzuKo,5
鈴佳,すずか,SuzuKa,4
鈴夏,すずか,SuzuKa,4
鈴加,すずか,SuzuKa,4
鈴架,すずか,SuzuKa,4
鈴果,すずか,SuzuKa,4
鈴歌,すずか,SuzuKa,4
寿々香,すずか,SuzuKa,5
寿々佳,すずか,SuzuKa,5
寿々夏,すずか,SuzuKa,5
寿々加,すずか,SuzuKa,5
寿々架,すずか,SuzuKa,5
寿々果,すずか,SuzuKa,5
寿々歌,すずか,SuzuKa,5
珠澄香,すずか,SuzuKa,5
珠澄佳,すずか,SuzuKa,5
珠澄夏,すずか,SuzuKa,5
珠澄加,すずか,SuzuKa,5
珠澄架,すずか,SuzuKa,5
珠澄果,すずか,SuzuKa,5
珠澄歌,すずか,SuzuKa,5
鈴那,すずな,SuzuNa,4
鈴南,すずな,SuzuNa,4
鈴夏,すずな,SuzuNa,4
鈴波,すずな,SuzuNa,4
寿々菜,すずな,SuzuNa,5
寿々那,すずな,SuzuNa,5
寿々南,すずな,SuzuNa,5
寿々夏,すずな,SuzuNa,5
寿々波,すずな,SuzuNa,5
珠澄奈,すずな,SuzuNa,5
珠澄菜,すずな,SuzuNa,5
珠澄那,すずな,SuzuNa,5
珠澄南,すずな,SuzuNa,5
珠澄夏,すずな,SuzuNa,5
珠澄波,すずな,SuzuNa,5
鈴嶺,すずね,SuzuNe,4
寿々嶺,すずね,SuzuNe,5
珠澄音,すずね,SuzuNe,5
珠澄嶺,すずね,SuzuNe,5
鈴野,すずの,SuzuNo,4
寿々野,すずの,SuzuNo,5
珠澄乃,すずの,SuzuNo,5
珠澄野,すずの,SuzuNo,5
鈴実,すずみ,SuzuMi,4
鈴海,すずみ,SuzuMi,4
鈴未,すずみ,SuzuMi,4
寿々美,すずみ,SuzuMi,5
寿々海,すずみ,SuzuMi,5
寿々未,すずみ,SuzuMi,5
珠澄美,すずみ,SuzuMi,5
珠澄海,すずみ,SuzuMi,5
珠澄未,すずみ,SuzuMi,5
鈴星,すずほ,SuzuHo,4
寿々穂,すずほ,SuzuHo,5
寿々星,すずほ,SuzuHo,5
珠澄穂,すずほ,SuzuHo,5
珠澄帆,すずほ,SuzuHo,5
珠澄星,すずほ,SuzuHo,5
鈴樹,すずき,SuzuKi,4
鈴輝,すずき,SuzuKi,4
鈴紀,すずき,SuzuKi,4
寿々樹,すずき,SuzuKi,5
寿々輝,すずき,SuzuKi,5
寿々紀,すずき,SuzuKi,5
珠澄希,すずき,SuzuKi,5
珠澄樹,すずき,SuzuKi,5
珠澄輝,すずき,SuzuKi,5
珠澄紀,すずき,SuzuKi,5
空古,そらこ,SoraKo,4
空胡,そらこ,SoraKo,4
空瑚,そらこ,SoraKo,4
空湖,そらこ,SoraKo,4
蒼良古,そらこ,SoraKo,5
蒼良胡,そらこ,SoraKo,5
蒼良瑚,そらこ,SoraKo,5
蒼良湖,そらこ,SoraKo,5
颯良子,そらこ,SoraKo,5
颯良古,そらこ,SoraKo,5
颯良胡,そらこ,SoraKo,5
颯良瑚,そらこ,SoraKo,5
颯良湖,そらこ,SoraKo,5
空香,そらか,SoraKa,4
空佳,そらか,SoraKa,4
空夏,そらか,SoraKa,4
空加,そらか,SoraKa,4
空架,そらか,SoraKa,4
空果,そらか,SoraKa,4
空歌,そらか,SoraKa,4
蒼良佳,そらか,SoraKa,5
蒼良夏,そらか,SoraKa,5
蒼良加,そらか,SoraKa,5
蒼良架,そらか,SoraKa,5
蒼良果,そらか,SoraKa,5
蒼良歌,そらか,SoraKa,5
颯良花,そらか,SoraKa,5
颯良香,そらか,SoraKa,5
颯良佳,そらか,SoraKa,5
颯良夏,そらか,SoraKa,5
颯良加,そらか,SoraKa,5
颯良架,そらか,SoraKa,5
颯良果,そらか,SoraKa,5
颯良歌,そらか,SoraKa,5
空那,そらな,SoraNa,4
空南,そらな,SoraNa,4
空夏,そらな,SoraNa,4
空波,そらな,SoraNa,4
蒼良那,そらな,SoraNa,5
蒼良南,そらな,SoraNa,5
蒼良夏,そらな,SoraNa,5
蒼良波,そらな,SoraNa,5
颯良奈,そらな,SoraNa,5
颯良菜,そらな,SoraNa,5
颯良那,そらな,SoraNa,5
颯良南,そらな,SoraNa,5
颯良夏,そらな,SoraNa,5
颯良波,そらな,SoraNa,5
空嶺,そらね,SoraNe,4
蒼良嶺,そらね,SoraNe,5
颯良音,そらね,SoraNe,5
颯良嶺,そらね,SoraNe,5
珠古,たまこ,TamaKo,4
珠胡,たまこ,TamaKo,4
珠瑚,たまこ,TamaKo,4
珠湖,たまこ,TamaKo,4
環古,たまこ,TamaKo,4
環胡,たまこ,TamaKo,4
環瑚,たまこ,TamaKo,4
環湖,たまこ,TamaKo,4
球古,たまこ,TamaKo,4
球胡,たまこ,TamaKo,4
球瑚,たまこ,TamaKo,4
球湖,たまこ,TamaKo,4
珠佳,たまか,TamaKa,4
珠夏,たまか,TamaKa,4
珠加,たまか,TamaKa,4
珠架,たまか,TamaKa,4
珠果,たまか,TamaKa,4
珠歌,たまか,TamaKa,4
環佳,たまか,TamaKa,4
環夏,たまか,TamaKa,4
環加,たまか,TamaKa,4
環架,たまか,TamaKa,4
環果,たまか,TamaKa,4
環歌,たまか,TamaKa,4
球花,たまか,TamaKa,4
球香,たまか,TamaKa,4
球佳,たまか,TamaKa,4
球夏,たまか,TamaKa,4
球加,たまか,TamaKa,4
球架,たまか,TamaKa,4
球果,たまか,TamaKa,4
球歌,たまか,TamaKa,4
珠那,たまな,TamaNa,4
珠南,たまな,TamaNa,4
珠夏,たまな,TamaNa,4
珠波,たまな,TamaNa,4
環那,たまな,TamaNa,4
環南,たまな,TamaNa,4
環夏,たまな,TamaNa,4
環波,たまな,TamaNa,4
球奈,たまな,TamaNa,4
球菜,たまな,TamaNa,4
球那,たまな,TamaNa,4
球南,たまな,TamaNa,4
球夏,たまな,TamaNa,4
球波,たまな,TamaNa,4
珠嶺,たまね,TamaNe,4
環嶺,たまね,TamaNe,4
球音,たまね,TamaNe,4
球嶺,たまね,TamaNe,4
珠野,たまの,TamaNo,4
環野,たまの,TamaNo,4
球乃,たまの,TamaNo,4
球野,たまの,TamaNo,4
珠美,たまみ,TamaMi,4
珠海,たまみ,TamaMi,4
珠未,たまみ,TamaMi,4
環海,たまみ,TamaMi,4
環未,たまみ,TamaMi,4
球美,たまみ,TamaMi,4
球実,たまみ,TamaMi,4
球海,たまみ,TamaMi,4
球未,たまみ,TamaMi,4
月古,つきこ,TsukiKo,4
月胡,つきこ,TsukiKo,4
月瑚,つきこ,TsukiKo,4
月湖,つきこ,TsukiKo,4
都希古,つきこ,TsukiKo,5
都希胡,つきこ,TsukiKo,5
都希瑚,つきこ,TsukiKo,5
都希湖,つきこ,TsukiKo,5
都紀古,つきこ,TsukiKo,5
都紀胡,つきこ,TsukiKo,5
都紀瑚,つきこ,TsukiKo,5
都紀湖,つきこ,TsukiKo,5
月佳,つきか,TsukiKa,4
月夏,つきか,TsukiKa,4
月加,つきか,TsukiKa,4
月架,つきか,TsukiKa,4
月果,つきか,TsukiKa,4
月歌,つきか,TsukiKa,4
都希花,つきか,TsukiKa,5
都希佳,つきか,TsukiKa,5
都希夏,つきか,TsukiKa,5
都希加,つきか,TsukiKa,5
都希架,つきか,TsukiKa,5
都希果,つきか,TsukiKa,5
都希歌,つきか,TsukiKa,5
都紀花,つきか,TsukiKa,5
都紀香,つきか,TsukiKa,5
都紀佳,つきか,TsukiKa,5
都紀夏,つきか,TsukiKa,5
都紀加,つきか,TsukiKa,5
都紀架,つきか,TsukiKa,5
都紀果,つきか,TsukiKa,5
都紀歌,つきか,TsukiKa,5
月那,つきな,TsukiNa,4
月南,つきな,TsukiNa,4
月夏,つきな,TsukiNa,4
月波,つきな,TsukiNa,4
都希那,つきな,TsukiNa,5
都希南,つきな,TsukiNa,5
都希夏,つきな,TsukiNa,5
都希波,つきな,TsukiNa,5
都紀奈,つきな,TsukiNa,5
都紀菜,つきな,TsukiNa,5
都紀那,つきな,TsukiNa,5
都紀南,つきな,TsukiNa,5
都紀夏,つきな,TsukiNa,5
都紀波,つきな,TsukiNa,5
月嶺,つきね,TsukiNe,4
都希嶺,つきね,TsukiNe,5
都紀音,つきね,TsukiNe,5
都紀嶺,つきね,TsukiNe,5
月野,つきの,TsukiNo,4
都希野,つきの,TsukiNo,5
都紀乃,つきの,TsukiNo,5
都紀野,つきの,TsukiNo,5
月実,つきみ,TsukiMi,4
月海,つきみ,TsukiMi,4
月未,つきみ,TsukiMi,4
都希美,つきみ,TsukiMi,5
都希海,つきみ,TsukiMi,5
都希未,つきみ,TsukiMi,5
都紀美,つきみ,TsukiMi,5
都紀実,つきみ,TsukiMi,5
都紀海,つきみ,TsukiMi,5
都紀未,つきみ,TsukiMi,5
月星,つきほ,TsukiHo,4
都希星,つきほ,TsukiHo,5
都紀穂,つきほ,TsukiHo,5
都紀帆,つきほ,TsukiHo,5
都紀星,つきほ,TsukiHo,5
月絵,つきえ,TsukiE,4
月江,つきえ,TsukiE,4
都希絵,つきえ,TsukiE,5
都希江,つきえ,TsukiE,5
都紀恵,つきえ,TsukiE,5
都紀絵,つきえ,TsukiE,5
都紀江,つきえ,TsukiE,5
紬古,つむぎこ,TsumugiKo,4
紬胡,つむぎこ,TsumugiKo,4
紬瑚,つむぎこ,TsumugiKo,4
紬湖,つむぎこ,TsumugiKo,4
紡子,つむぎこ,TsumugiKo,4
紡古,つむぎこ,TsumugiKo,4
紡胡,つむぎこ,TsumugiKo,4
紡瑚,つむぎこ,TsumugiKo,4
紡湖,つむぎこ,TsumugiKo,4
績子,つむぎこ,TsumugiKo,4
績古,つむぎこ,TsumugiKo,4
績胡,つむぎこ,TsumugiKo,4
績瑚,つむぎこ,TsumugiKo,4
績湖,つむぎこ,TsumugiKo,4
椿古,つばきこ,TsubakiKo,4
椿胡,つばきこ,TsubakiKo,4
椿瑚,つばきこ,TsubakiKo,4
椿湖,つばきこ,TsubakiKo,4
椿佳,つばきか,TsubakiKa,4
椿夏,つばきか,TsubakiKa,4
椿加,つばきか,TsubakiKa,4
椿架,つばきか,TsubakiKa,4
椿果,つばきか,TsubakiKa,4
椿歌,つばきか,TsubakiKa,4
椿菜,つばきな,TsubakiNa,4
椿南,つばきな,TsubakiNa,4
椿夏,つばきな,TsubakiNa,4
椿波,つばきな,TsubakiNa,4
友子,ともこ,TomoKo,4
友古,ともこ,TomoKo,4
友胡,ともこ,TomoKo,4
友瑚,ともこ,TomoKo,4
友湖,ともこ,TomoKo,4
知古,ともこ,TomoKo,4
知胡,ともこ,TomoKo,4
知瑚,ともこ,TomoKo,4
知湖,ともこ,TomoKo,4
朋古,ともこ,TomoKo,4
朋胡,ともこ,TomoKo,4
朋瑚,ともこ,TomoKo,4
朋湖,ともこ,TomoKo,4
智古,ともこ,TomoKo,4
智胡,ともこ,TomoKo,4
智瑚,ともこ,TomoKo,4
智湖,ともこ,TomoKo,4
伴古,ともこ,TomoKo,4
伴胡,ともこ,TomoKo,4
伴瑚,ともこ,TomoKo,4
伴湖,ともこ,TomoKo,4
友佳,ともか,TomoKa,4
友夏,ともか,TomoKa,4
友加,ともか,TomoKa,4
友架,ともか,TomoKa,4
友果,ともか,TomoKa,4
友歌,ともか,TomoKa,4
知花,ともか,TomoKa,4
知香,ともか,TomoKa,4
知佳,ともか,TomoKa,4
知夏,ともか,TomoKa,4
知加,ともか,TomoKa,4
知架,ともか,TomoKa,4
知果,ともか,TomoKa,4
知歌,ともか,TomoKa,4
朋佳,ともか,TomoKa,4
朋夏,ともか,TomoKa,4
朋加,ともか,TomoKa,4
朋架,ともか,TomoKa,4
朋果,ともか,TomoKa,4
朋歌,ともか,TomoKa,4
智香,ともか,TomoKa,4
智佳,ともか,TomoKa,4
智夏,ともか,TomoKa,4
智加,ともか,TomoKa,4
智架,ともか,TomoKa,4
智果,ともか,TomoKa,4
智歌,ともか,TomoKa,4
伴香,ともか,TomoKa,4
伴佳,ともか,TomoKa,4
伴夏,ともか,TomoKa,4
伴加,ともか,TomoKa,4
伴架,ともか,TomoKa,4
伴果,ともか,TomoKa,4
伴歌,ともか,TomoKa,4
友菜,ともな,TomoNa,4
友那,ともな,TomoNa,4
友南,ともな,TomoNa,4
友夏,ともな,TomoNa,4
友波,ともな,TomoNa,4
知奈,ともな,TomoNa,4
知菜,ともな,TomoNa,4
知那,ともな,TomoNa,4
知南,ともな,TomoNa,4
知夏,ともな,TomoNa,4
知波,ともな,TomoNa,4
朋菜,ともな,TomoNa,4
朋那,ともな,TomoNa,4
朋南,ともな,TomoNa,4
朋夏,ともな,TomoNa,4
朋波,ともな,TomoNa,4
智菜,ともな,TomoNa,4
智那,ともな,TomoNa,4
智南,ともな,TomoNa,4
智夏,ともな,TomoNa,4
智波,ともな,TomoNa,4
伴奈,ともな,TomoNa,4
伴那,ともな,TomoNa,4
伴南,ともな,TomoNa,4
伴夏,ともな,TomoNa,4
伴波,ともな,TomoNa,4
友実,ともみ,TomoMi,4
友海,ともみ,TomoMi,4
友未,ともみ,TomoMi,4
知実,ともみ,TomoMi,4
知海,ともみ,TomoMi,4
知未,ともみ,TomoMi,4
朋海,ともみ,TomoMi,4
朋未,ともみ,TomoMi,4
智美,ともみ,TomoMi,4
智海,ともみ,TomoMi,4
智未,ともみ,TomoMi,4
伴美,ともみ,TomoMi,4
伴海,ともみ,TomoMi,4
伴未,ともみ,TomoMi,4
凪古,なぎこ,NagiKo,4
凪胡,なぎこ,NagiKo,4
凪瑚,なぎこ,NagiKo,4
凪湖,なぎこ,NagiKo,4
渚古,なぎこ,NagiKo,4
渚胡,なぎこ,NagiKo,4
渚瑚,なぎこ,NagiKo,4
渚湖,なぎこ,NagiKo,4
薙古,なぎこ,NagiKo,4
薙胡,なぎこ,NagiKo,4
薙瑚,なぎこ,NagiKo,4
薙湖,なぎこ,NagiKo,4
凪香,なぎか,NagiKa,4
凪佳,なぎか,NagiKa,4
凪夏,なぎか,NagiKa,4
凪加,なぎか,NagiKa,4
凪架,なぎか,NagiKa,4
凪果,なぎか,NagiKa,4
凪歌,なぎか,NagiKa,4
渚佳,なぎか,NagiKa,4
渚夏,なぎか,NagiKa,4
渚加,なぎか,NagiKa,4
渚架,なぎか,NagiKa,4
渚果,なぎか,NagiKa,4
渚歌,なぎか,NagiKa,4
薙香,なぎか,NagiKa,4
薙佳,なぎか,NagiKa,4
薙夏,なぎか,NagiKa,4
薙加,なぎか,NagiKa,4
薙架,なぎか,NagiKa,4
薙果,なぎか,NagiKa,4
薙歌,なぎか,NagiKa,4
凪那,なぎな,NagiNa,4
凪南,なぎな,NagiNa,4
凪夏,なぎな,NagiNa,4
凪波,なぎな,NagiNa,4
渚那,なぎな,NagiNa,4
渚南,なぎな,NagiNa,4
渚夏,なぎな,NagiNa,4
渚波,なぎな,NagiNa,4
薙奈,なぎな,NagiNa,4
薙那,なぎな,NagiNa,4
薙南,なぎな,NagiNa,4
薙夏,なぎな,NagiNa,4
薙波,なぎな,NagiNa,4
凪嶺,なぎね,NagiNe,4
渚嶺,なぎね,NagiNe,4
薙嶺,なぎね,NagiNe,4
凪紗,なぎさ,NagiSa,4
凪佐,なぎさ,NagiSa,4
渚沙,なぎさ,NagiSa,4
渚紗,なぎさ,NagiSa,4
渚佐,なぎさ,NagiSa,4
薙沙,なぎさ,NagiSa,4
薙紗,なぎさ,NagiSa,4
薙佐,なぎさ,NagiSa,4
夏古,なつこ,NatsuKo,4
夏胡,なつこ,NatsuKo,4
夏瑚,なつこ,NatsuKo,4
夏湖,なつこ,NatsuKo,4
奈津古,なつこ,NatsuKo,5
奈津胡,なつこ,NatsuKo,5
奈津瑚,なつこ,NatsuKo,5
奈津湖,なつこ,NatsuKo,5
夏夏,なつか,NatsuKa,4
夏加,なつか,NatsuKa,4
夏架,なつか,NatsuKa,4
夏果,なつか,NatsuKa,4
夏歌,なつか,NatsuKa,4
奈津花,なつか,NatsuKa,5
奈津香,なつか,NatsuKa,5
奈津佳,なつか,NatsuKa,5
奈津夏,なつか,NatsuKa,5
奈津加,なつか,NatsuKa,5
奈津架,なつか,NatsuKa,5
奈津果,なつか,NatsuKa,5
奈津歌,なつか,NatsuKa,5
夏那,なつな,NatsuNa,4
夏南,なつな,NatsuNa,4
夏夏,なつな,NatsuNa,4
夏波,なつな,NatsuNa,4
奈津奈,なつな,NatsuNa,5
奈津菜,なつな,NatsuNa,5
奈津那,なつな,NatsuNa,5
奈津南,なつな,NatsuNa,5
奈津夏,なつな,NatsuNa,5
奈津波,なつな,NatsuNa,5
夏嶺,なつね,NatsuNe,4
奈津音,なつね,NatsuNe,5
奈津嶺,なつね,NatsuNe,5
夏海,なつみ,NatsuMi,4
夏未,なつみ,NatsuMi,4
奈津美,なつみ,NatsuMi,5
奈津実,なつみ,NatsuMi,5
奈津海,なつみ,NatsuMi,5
奈津未,なつみ,NatsuMi,5
夏紀,なつき,NatsuKi,4
奈津希,なつき,NatsuKi,5
奈津樹,なつき,NatsuKi,5
奈津輝,なつき,NatsuKi,5
奈津紀,なつき,NatsuKi,5
夏絵,なつえ,NatsuE,4
夏江,なつえ,NatsuE,4
奈津恵,なつえ,NatsuE,5
奈津絵,なつえ,NatsuE,5
奈津江,なつえ,NatsuE,5
奈々古,ななこ,NanaKo,5
奈々胡,ななこ,NanaKo,5
奈々瑚,ななこ,NanaKo,5
奈々湖,ななこ,NanaKo,5
七古,ななこ,NanaKo,4
七胡,ななこ,NanaKo,4
七瑚,ななこ,NanaKo,4
七湖,ななこ,NanaKo,4
那々古,ななこ,NanaKo,5
那々胡,ななこ,NanaKo,5
那々瑚,ななこ,NanaKo,5
那々湖,ななこ,NanaKo,5
菜々古,ななこ,NanaKo,5
菜々胡,ななこ,NanaKo,5
菜々瑚,ななこ,NanaKo,5
菜々湖,ななこ,NanaKo,5
奈々美,ななみ,NanaMi,5
奈々海,ななみ,NanaMi,5
奈々未,ななみ,NanaMi,5
七美,ななみ,NanaMi,4
七未,ななみ,NanaMi,4
那々美,ななみ,NanaMi,5
那々海,ななみ,NanaMi,5
那々未,ななみ,NanaMi,5
菜々美,ななみ,NanaMi,5
菜々実,ななみ,NanaMi,5
菜々海,ななみ,NanaMi,5
菜々未,ななみ,NanaMi,5
波古,なみこ,NamiKo,4
波胡,なみこ,NamiKo,4
波瑚,なみこ,NamiKo,4
波湖,なみこ,NamiKo,4
奈美古,なみこ,NamiKo,5
奈美胡,なみこ,NamiKo,5
奈美瑚,なみこ,NamiKo,5
奈美湖,なみこ,NamiKo,5
七美古,なみこ,NamiKo,5
七美胡,なみこ,NamiKo,5
七美瑚,なみこ,NamiKo,5
七美湖,なみこ,NamiKo,5
虹夏,にじか,NijiKa,4
虹加,にじか,NijiKa,4
虹架,にじか,NijiKa,4
虹果,にじか,NijiKa,4
虹歌,にじか,NijiKa,4
花古,はなこ,HanaKo,4
花胡,はなこ,HanaKo,4
花瑚,はなこ,HanaKo,4
花湖,はなこ,HanaKo,4
華古,はなこ,HanaKo,4
華胡,はなこ,HanaKo,4
華瑚,はなこ,HanaKo,4
華湖,はなこ,HanaKo,4
葉菜子,はなこ,HanaKo,5
葉菜古,はなこ,HanaKo,5
葉菜胡,はなこ,HanaKo,5
葉菜瑚,はなこ,HanaKo,5
葉菜湖,はなこ,HanaKo,5
羽菜子,はなこ,HanaKo,5
羽菜古,はなこ,HanaKo,5
羽菜胡,はなこ,HanaKo,5
羽菜瑚,はなこ,HanaKo,5
羽菜湖,はなこ,HanaKo,5
花花,はなか,HanaKa,4
花加,はなか,HanaKa,4
花架,はなか,HanaKa,4
花果,はなか,HanaKa,4
花歌,はなか,HanaKa,4
華佳,はなか,HanaKa,4
華夏,はなか,HanaKa,4
華加,はなか,HanaKa,4
華架,はなか,HanaKa,4
華果,はなか,HanaKa,4
華歌,はなか,HanaKa,4
葉菜花,はなか,HanaKa,5
葉菜香,はなか,HanaKa,5
葉菜佳,はなか,HanaKa,5
葉菜夏,はなか,HanaKa,5
葉菜加,はなか,HanaKa,5
葉菜架,はなか,HanaKa,5
葉菜果,はなか,HanaKa,5
葉菜歌,はなか,HanaKa,5
羽菜花,はなか,HanaKa,5
羽菜香,はなか,HanaKa,5
羽菜佳,はなか,HanaKa,5
羽菜夏,はなか,HanaKa,5
羽菜加,はなか,HanaKa,5
羽菜架,はなか,HanaKa,5
羽菜果,はなか,HanaKa,5
羽菜歌,はなか,HanaKa,5
花奈,はなな,HanaNa,4
花菜,はなな,HanaNa,4
花那,はなな,HanaNa,4
花南,はなな,HanaNa,4
花夏,はなな,HanaNa,4
花波,はなな,HanaNa,4
華菜,はなな,HanaNa,4
華那,はなな,HanaNa,4
華南,はなな,HanaNa,4
華夏,はなな,HanaNa,4
華波,はなな,HanaNa,4
葉菜奈,はなな,HanaNa,5
葉菜菜,はなな,HanaNa,5
葉菜那,はなな,HanaNa,5
葉菜南,はなな,HanaNa,5
葉菜夏,はなな,HanaNa,5
葉菜波,はなな,HanaNa,5
羽菜奈,はなな,HanaNa,5
羽菜菜,はなな,HanaNa,5
羽菜那,はなな,HanaNa,5
羽菜南,はなな,HanaNa,5
羽菜夏,はなな,HanaNa,5
羽菜波,はなな,HanaNa,5
陽古,はるこ,HaruKo,4
陽胡,はるこ,HaruKo,4
陽瑚,はるこ,HaruKo,4
陽湖,はるこ,HaruKo,4
晴古,はるこ,HaruKo,4
晴胡,はるこ,HaruKo,4
晴瑚,はるこ,HaruKo,4
晴湖,はるこ,HaruKo,4
春古,はるこ,HaruKo,4
春胡,はるこ,HaruKo,4
春瑚,はるこ,HaruKo,4
春湖,はるこ,HaruKo,4
遥古,はるこ,HaruKo,4
遥胡,はるこ,HaruKo,4
遥瑚,はるこ,HaruKo,4
遥湖,はるこ,HaruKo,4
暖子,はるこ,HaruKo,4
暖古,はるこ,HaruKo,4
暖胡,はるこ,HaruKo,4
暖瑚,はるこ,HaruKo,4
暖湖,はるこ,HaruKo,4
陽加,はるか,HaruKa,4
陽架,はるか,HaruKa,4
陽果,はるか,HaruKa,4
陽歌,はるか,HaruKa,4
晴夏,はるか,HaruKa,4
晴加,はるか,HaruKa,4
晴架,はるか,HaruKa,4
晴果,はるか,HaruKa,4
晴歌,はるか,HaruKa,4
春夏,はるか,HaruKa,4
春加,はるか,HaruKa,4
春架,はるか,HaruKa,4
春果,はるか,HaruKa,4
春歌,はるか,HaruKa,4
遥佳,はるか,HaruKa,4
遥夏,はるか,HaruKa,4
遥加,はるか,HaruKa,4
遥架,はるか,HaruKa,4
遥果,はるか,HaruKa,4
遥歌,はるか,HaruKa,4
暖花,はるか,HaruKa,4
暖香,はるか,HaruKa,4
暖佳,はるか,HaruKa,4
暖夏,はるか,HaruKa,4
暖加,はるか,HaruKa,4
暖架,はるか,HaruKa,4
暖果,はるか,HaruKa,4
暖歌,はるか,HaruKa,4
陽那,はるな,HaruNa,4
陽夏,はるな,HaruNa,4
陽波,はるな,HaruNa,4
晴那,はるな,HaruNa,4
晴南,はるな,HaruNa,4
晴夏,はるな,HaruNa,4
晴波,はるな,HaruNa,4
春那,はるな,HaruNa,4
春南,はるな,HaruNa,4
春夏,はるな,HaruNa,4
春波,はるな,HaruNa,4
遥那,はるな,HaruNa,4
遥南,はるな,HaruNa,4
遥夏,はるな,HaruNa,4
遥波,はるな,HaruNa,4
暖奈,はるな,HaruNa,4
暖菜,はるな,HaruNa,4
暖那,はるな,HaruNa,4
暖南,はるな,HaruNa,4
暖夏,はるな,HaruNa,4
暖波,はるな,HaruNa,4
陽嶺,はるね,HaruNe,4
晴嶺,はるね,HaruNe,4
春嶺,はるね,HaruNe,4
遥嶺,はるね,HaruNe,4
暖音,はるね,HaruNe,4
暖嶺,はるね,HaruNe,4
陽美,はるみ,HaruMi,4
陽海,はるみ,HaruMi,4
陽未,はるみ,HaruMi,4
晴海,はるみ,HaruMi,4
晴未,はるみ,HaruMi,4
春海,はるみ,HaruMi,4
春未,はるみ,HaruMi,4
遥海,はるみ,HaruMi,4
遥未,はるみ,HaruMi,4
暖美,はるみ,HaruMi,4
暖実,はるみ,HaruMi,4
暖海,はるみ,HaruMi,4
暖未,はるみ,HaruMi,4
陽絵,はるえ,HaruE,4
陽江,はるえ,HaruE,4
晴絵,はるえ,HaruE,4
晴江,はるえ,HaruE,4
春絵,はるえ,HaruE,4
遥恵,はるえ,HaruE,4
遥絵,はるえ,HaruE,4
遥江,はるえ,HaruE,4
暖恵,はるえ,HaruE,4
暖絵,はるえ,HaruE,4
暖江,はるえ,HaruE,4
陽世,はるよ,HaruYo,4
晴世,はるよ,HaruYo,4
春世,はるよ,HaruYo,4
遥代,はるよ,HaruYo,4
遥世,はるよ,HaruYo,4
暖代,はるよ,HaruYo,4
暖世,はるよ,HaruYo,4
楓佳,ふうか,FuKa,4
楓夏,ふうか,FuKa,4
楓加,ふうか,FuKa,4
楓架,ふうか,FuKa,4
楓果,ふうか,FuKa,4
楓歌,ふうか,FuKa,4
風香,ふうか,FuKa,4
風佳,ふうか,FuKa,4
風夏,ふうか,FuKa,4
風加,ふうか,FuKa,4
風架,ふうか,FuKa,4
風果,ふうか,FuKa,4
風歌,ふうか,FuKa,4
芙花,ふうか,FuKa,4
芙香,ふうか,FuKa,4
芙佳,ふうか,FuKa,4
芙夏,ふうか,FuKa,4
芙加,ふうか,FuKa,4
芙架,ふうか,FuKa,4
芙果,ふうか,FuKa,4
芙歌,ふうか,FuKa,4
楓那,ふうな,FuNa,4
楓南,ふうな,FuNa,4
楓夏,ふうな,FuNa,4
楓波,ふうな,FuNa,4
風奈,ふうな,FuNa,4
風菜,ふうな,FuNa,4
風那,ふうな,FuNa,4
風南,ふうな,FuNa,4
風夏,ふうな,FuNa,4
風波,ふうな,FuNa,4
芙奈,ふうな,FuNa,4
芙菜,ふうな,FuNa,4
芙那,ふうな,FuNa,4
芙南,ふうな,FuNa,4
芙夏,ふうな,FuNa,4
芙波,ふうな,FuNa,4
星古,ほしこ,HoshiKo,4
星胡,ほしこ,HoshiKo,4
星瑚,ほしこ,HoshiKo,4
星湖,ほしこ,HoshiKo,4
星佳,ほしか,HoshiKa,4
星加,ほしか,HoshiKa,4
星架,ほしか,HoshiKa,4
星果,ほしか,HoshiKa,4
星歌,ほしか,HoshiKa,4
星南,ほしな,HoshiNa,4
星波,ほしな,HoshiNa,4
星未,ほしみ,HoshiMi,4
舞古,まいこ,MaiKo,4
舞胡,まいこ,MaiKo,4
舞瑚,まいこ,MaiKo,4
舞湖,まいこ,MaiKo,4
麻衣古,まいこ,MaiKo,5
麻衣胡,まいこ,MaiKo,5
麻衣瑚,まいこ,MaiKo,5
麻衣湖,まいこ,MaiKo,5
真依古,まいこ,MaiKo,5
真依胡,まいこ,MaiKo,5
真依瑚,まいこ,MaiKo,5
真依湖,まいこ,MaiKo,5
茉依子,まいこ,MaiKo,5
茉依古,まいこ,MaiKo,5
茉依胡,まいこ,MaiKo,5
茉依瑚,まいこ,MaiKo,5
茉依湖,まいこ,MaiKo,5
舞夏,まいか,MaiKa,4
舞加,まいか,MaiKa,4
舞架,まいか,MaiKa,4
舞果,まいか,MaiKa,4
舞歌,まいか,MaiKa,4
麻衣花,まいか,MaiKa,5
麻衣香,まいか,MaiKa,5
麻衣佳,まいか,MaiKa,5
麻衣夏,まいか,MaiKa,5
麻衣加,まいか,MaiKa,5
麻衣架,まいか,MaiKa,5
麻衣果,まいか,MaiKa,5
麻衣歌,まいか,MaiKa,5
真依佳,まいか,MaiKa,5
真依夏,まいか,MaiKa,5
真依加,まいか,MaiKa,5
真依架,まいか,MaiKa,5
真依果,まいか,MaiKa,5
真依歌,まいか,MaiKa,5
茉依花,まいか,MaiKa,5
茉依香,まいか,MaiKa,5
茉依佳,まいか,MaiKa,5
茉依夏,まいか,MaiKa,5
茉依加,まいか,MaiKa,5
茉依架,まいか,MaiKa,5
茉依果,まいか,MaiKa,5
茉依歌,まいか,MaiKa,5
舞那,まいな,MaiNa,4
舞南,まいな,MaiNa,4
舞夏,まいな,MaiNa,4
舞波,まいな,MaiNa,4
麻衣奈,まいな,MaiNa,5
麻衣菜,まいな,MaiNa,5
麻衣那,まいな,MaiNa,5
麻衣南,まいな,MaiNa,5
麻衣夏,まいな,MaiNa,5
麻衣波,まいな,MaiNa,5
真依那,まいな,MaiNa,5
真依南,まいな,MaiNa,5
真依夏,まいな,MaiNa,5
真依波,まいな,MaiNa,5
茉依奈,まいな,MaiNa,5
茉依菜,まいな,MaiNa,5
茉依那,まいな,MaiNa,5
茉依南,まいな,MaiNa,5
茉依夏,まいな,MaiNa,5
茉依波,まいな,MaiNa,5
舞嶺,まいね,MaiNe,4
麻衣音,まいね,MaiNe,5
麻衣嶺,まいね,MaiNe,5
真依嶺,まいね,MaiNe,5
茉依音,まいね,MaiNe,5
茉依嶺,まいね,MaiNe,5
雅古,まさこ,MasaKo,4
雅胡,まさこ,MasaKo,4
雅瑚,まさこ,MasaKo,4
雅湖,まさこ,MasaKo,4
正古,まさこ,MasaKo,4
正胡,まさこ,MasaKo,4
正瑚,まさこ,MasaKo,4
正湖,まさこ,MasaKo,4
昌古,まさこ,MasaKo,4
昌胡,まさこ,MasaKo,4
昌瑚,まさこ,MasaKo,4
昌湖,まさこ,MasaKo,4
眞子,まさこ,MasaKo,4
眞古,まさこ,MasaKo,4
眞胡,まさこ,MasaKo,4
眞瑚,まさこ,MasaKo,4
眞湖,まさこ,MasaKo,4
真由古,まゆこ,MayuKo,5
真由胡,まゆこ,MayuKo,5
真由瑚,まゆこ,MayuKo,5
真由湖,まゆこ,MayuKo,5
茉弓古,まゆこ,MayuKo,5
茉弓胡,まゆこ,MayuKo,5
茉弓瑚,まゆこ,MayuKo,5
茉弓湖,まゆこ,MayuKo,5
麻結古,まゆこ,MayuKo,5
麻結胡,まゆこ,MayuKo,5
麻結瑚,まゆこ,MayuKo,5
麻結湖,まゆこ,MayuKo,5
真由佳,まゆか,MayuKa,5
真由夏,まゆか,MayuKa,5
真由加,まゆか,MayuKa,5
真由架,まゆか,MayuKa,5
真由果,まゆか,MayuKa,5
真由歌,まゆか,MayuKa,5
茉弓花,まゆか,MayuKa,5
茉弓香,まゆか,MayuKa,5
茉弓佳,まゆか,MayuKa,5
茉弓夏,まゆか,MayuKa,5
茉弓加,まゆか,MayuKa,5
茉弓架,まゆか,MayuKa,5
茉弓果,まゆか,MayuKa,5
茉弓歌,まゆか,MayuKa,5
麻結花,まゆか,MayuKa,5
麻結香,まゆか,MayuKa,5
麻結佳,まゆか,MayuKa,5
麻結夏,まゆか,MayuKa,5
麻結加,まゆか,MayuKa,5
麻結架,まゆか,MayuKa,5
麻結果,まゆか,MayuKa,5
麻結歌,まゆか,MayuKa,5
真由海,まゆみ,MayuMi,5
真由未,まゆみ,MayuMi,5
茉弓美,まゆみ,MayuMi,5
茉弓実,まゆみ,MayuMi,5
茉弓海,まゆみ,MayuMi,5
茉弓未,まゆみ,MayuMi,5
麻結美,まゆみ,MayuMi,5
麻結実,まゆみ,MayuMi,5
麻結海,まゆみ,MayuMi,5
麻結未,まゆみ,MayuMi,5
麻里古,まりこ,MariKo,5
麻里胡,まりこ,MariKo,5
麻里瑚,まりこ,MariKo,5
麻里湖,まりこ,MariKo,5
茉里古,まりこ,MariKo,5
茉里胡,まりこ,MariKo,5
茉里瑚,まりこ,MariKo,5
茉里湖,まりこ,MariKo,5
真里古,まりこ,MariKo,5
真里胡,まりこ,MariKo,5
真里瑚,まりこ,MariKo,5
真里湖,まりこ,MariKo,5
万里古,まりこ,MariKo,5
万里胡,まりこ,MariKo,5
万里瑚,まりこ,MariKo,5
万里湖,まりこ,MariKo,5
澪古,みおこ,MioKo,4
澪胡,みおこ,MioKo,4
澪瑚,みおこ,MioKo,4
澪湖,みおこ,MioKo,4
美桜子,みおこ,MioKo,5
美桜古,みおこ,MioKo,5
美桜胡,みおこ,MioKo,5
美桜瑚,みおこ,MioKo,5
美桜湖,みおこ,MioKo,5
美緒古,みおこ,MioKo,5
美緒胡,みおこ,MioKo,5
美緒瑚,みおこ,MioKo,5
美緒湖,みおこ,MioKo,5
実桜古,みおこ,MioKo,5
実桜胡,みおこ,MioKo,5
実桜瑚,みおこ,MioKo,5
実桜湖,みおこ,MioKo,5
澪佳,みおか,MioKa,4
澪夏,みおか,MioKa,4
澪加,みおか,MioKa,4
澪架,みおか,MioKa,4
澪果,みおか,MioKa,4
澪歌,みおか,MioKa,4
美桜花,みおか,MioKa,5
美桜香,みおか,MioKa,5
美桜佳,みおか,MioKa,5
美桜夏,みおか,MioKa,5
美桜加,みおか,MioKa,5
美桜架,みおか,MioKa,5
美桜果,みおか,MioKa,5
美桜歌,みおか,MioKa,5
美緒佳,みおか,MioKa,5
美緒夏,みおか,MioKa,5
美緒加,みおか,MioKa,5
美緒架,みおか,MioKa,5
美緒果,みおか,MioKa,5
美緒歌,みおか,MioKa,5
実桜香,みおか,MioKa,5
実桜佳,みおか,MioKa,5
実桜夏,みおか,MioKa,5
実桜加,みおか,MioKa,5
実桜架,みおか,MioKa,5
実桜果,みおか,MioKa,5
実桜歌,みおか,MioKa,5
澪那,みおな,MioNa,4
澪南,みおな,MioNa,4
澪夏,みおな,MioNa,4
澪波,みおな,MioNa,4
美桜奈,みおな,MioNa,5
美桜菜,みおな,MioNa,5
美桜那,みおな,MioNa,5
美桜南,みおな,MioNa,5
美桜夏,みおな,MioNa,5
美桜波,みおな,MioNa,5
美緒那,みおな,MioNa,5
美緒南,みおな,MioNa,5
美緒夏,みおな,MioNa,5
美緒波,みおな,MioNa,5
実桜奈,みおな,MioNa,5
実桜那,みおな,MioNa,5
実桜南,みおな,MioNa,5
実桜夏,みおな,MioNa,5
実桜波,みおな,MioNa,5
澪嶺,みおね,MioNe,4
美桜音,みおね,MioNe,5
美桜嶺,みおね,MioNe,5
美緒嶺,みおね,MioNe,5
実桜嶺,みおね,MioNe,5
澪梨,みおり,MioRi,4
澪莉,みおり,MioRi,4
澪璃,みおり,MioRi,4
美桜里,みおり,MioRi,5
美桜梨,みおり,MioRi,5
美桜莉,みおり,MioRi,5
美桜璃,みおり,MioRi,5
美緒梨,みおり,MioRi,5
美緒莉,みおり,MioRi,5
美緒璃,みおり,MioRi,5
実桜梨,みおり,MioRi,5
実桜莉,みおり,MioRi,5
実桜璃,みおり,MioRi,5
美加子,みかこ,MikaKo,5
美加古,みかこ,MikaKo,5
美加胡,みかこ,MikaKo,5
美加瑚,みかこ,MikaKo,5
美加湖,みかこ,MikaKo,5
美香子,みかこ,MikaKo,5
美香古,みかこ,MikaKo,5
美香胡,みかこ,MikaKo,5
美香瑚,みかこ,MikaKo,5
美香湖,みかこ,MikaKo,5
美歌子,みかこ,MikaKo,5
美歌古,みかこ,MikaKo,5
美歌胡,みかこ,MikaKo,5
美歌瑚,みかこ,MikaKo,5
美歌湖,みかこ,MikaKo,5
美佳古,みかこ,MikaKo,5
美佳胡,みかこ,MikaKo,5
美佳瑚,みかこ,MikaKo,5
美佳湖,みかこ,MikaKo,5
深花子,みかこ,MikaKo,5
深花古,みかこ,MikaKo,5
深花胡,みかこ,MikaKo,5
深花瑚,みかこ,MikaKo,5
深花湖,みかこ,MikaKo,5
三花子,みかこ,MikaKo,5
三花古,みかこ,MikaKo,5
三花胡,みかこ,MikaKo,5
三花瑚,みかこ,MikaKo,5
三花湖,みかこ,MikaKo,5
美沙希,みさき,MisaKi,5
美沙樹,みさき,MisaKi,5
美沙輝,みさき,MisaKi,5
美沙紀,みさき,MisaKi,5
実紗希,みさき,MisaKi,5
実紗樹,みさき,MisaKi,5
実紗輝,みさき,MisaKi,5
実紗紀,みさき,MisaKi,5
未紗希,みさき,MisaKi,5
未紗樹,みさき,MisaKi,5
未紗輝,みさき,MisaKi,5
未紗紀,みさき,MisaKi,5
瑞佳,みずか,MizuKa,4
瑞夏,みずか,MizuKa,4
瑞加,みずか,MizuKa,4
瑞架,みずか,MizuKa,4
瑞果,みずか,MizuKa,4
瑞歌,みずか,MizuKa,4
水佳,みずか,MizuKa,4
水夏,みずか,MizuKa,4
水加,みずか,MizuKa,4
水架,みずか,MizuKa,4
水果,みずか,MizuKa,4
水歌,みずか,MizuKa,4
澄花,みずか,MizuKa,4
澄香,みずか,MizuKa,4
澄佳,みずか,MizuKa,4
澄夏,みずか,MizuKa,4
澄加,みずか,MizuKa,4
澄架,みずか,MizuKa,4
澄果,みずか,MizuKa,4
澄歌,みずか,MizuKa,4
瑞那,みずな,MizuNa,4
瑞南,みずな,MizuNa,4
瑞夏,みずな,MizuNa,4
瑞波,みずな,MizuNa,4
水那,みずな,MizuNa,4
水南,みずな,MizuNa,4
水夏,みずな,MizuNa,4
水波,みずな,MizuNa,4
澄奈,みずな,MizuNa,4
澄菜,みずな,MizuNa,4
澄那,みずな,MizuNa,4
澄南,みずな,MizuNa,4
澄夏,みずな,MizuNa,4
澄波,みずな,MizuNa,4
美菜美,みなみ,MinaMi,5
美菜実,みなみ,MinaMi,5
美菜海,みなみ,MinaMi,5
美菜未,みなみ,MinaMi,5
美奈美,みなみ,MinaMi,5
美奈実,みなみ,MinaMi,5
美奈海,みなみ,MinaMi,5
美奈未,みなみ,MinaMi,5
実菜美,みなみ,MinaMi,5
実菜実,みなみ,MinaMi,5
実菜海,みなみ,MinaMi,5
実菜未,みなみ,MinaMi,5
三菜美,みなみ,MinaMi,5
三菜実,みなみ,MinaMi,5
三菜海,みなみ,MinaMi,5
三菜未,みなみ,MinaMi,5
水菜美,みなみ,MinaMi,5
水菜実,みなみ,MinaMi,5
水菜海,みなみ,MinaMi,5
水菜未,みなみ,MinaMi,5
萌古,もえこ,MoeKo,4
萌胡,もえこ,MoeKo,4
萌瑚,もえこ,MoeKo,4
萌湖,もえこ,MoeKo,4
萌江古,もえこ,MoeKo,5
萌江胡,もえこ,MoeKo,5
萌江瑚,もえこ,MoeKo,5
萌江湖,もえこ,MoeKo,5
萌絵古,もえこ,MoeKo,5
萌絵胡,もえこ,MoeKo,5
萌絵瑚,もえこ,MoeKo,5
萌絵湖,もえこ,MoeKo,5
桃古,ももこ,MomoKo,4
桃胡,ももこ,MomoKo,4
桃瑚,ももこ,MomoKo,4
桃湖,ももこ,MomoKo,4
百々古,ももこ,MomoKo,5
百々胡,ももこ,MomoKo,5
百々瑚,ももこ,MomoKo,5
百々湖,ももこ,MomoKo,5
桃佳,ももか,MomoKa,4
桃夏,ももか,MomoKa,4
桃加,ももか,MomoKa,4
桃架,ももか,MomoKa,4
桃果,ももか,MomoKa,4
桃歌,ももか,MomoKa,4
百々香,ももか,MomoKa,5
百々佳,ももか,MomoKa,5
百々夏,ももか,MomoKa,5
百々加,ももか,MomoKa,5
百々架,ももか,MomoKa,5
百々果,ももか,MomoKa,5
百々歌,ももか,MomoKa,5
桃那,ももな,MomoNa,4
桃南,ももな,MomoNa,4
桃夏,ももな,MomoNa,4
桃波,ももな,MomoNa,4
百々奈,ももな,MomoNa,5
百々那,ももな,MomoNa,5
百々南,ももな,MomoNa,5
百々夏,ももな,MomoNa,5
百々波,ももな,MomoNa,5
桃嶺,ももね,MomoNe,4
百々嶺,ももね,MomoNe,5
桃野,ももの,MomoNo,4
百々野,ももの,MomoNo,5
桃美,ももみ,MomoMi,4
桃海,ももみ,MomoMi,4
桃未,ももみ,MomoMi,4
百々美,ももみ,MomoMi,5
百々海,ももみ,MomoMi,5
百々未,ももみ,MomoMi,5
桃帆,ももほ,MomoHo,4
桃星,ももほ,MomoHo,4
百々穂,ももほ,MomoHo,5
百々星,ももほ,MomoHo,5
桃紀,ももき,MomoKi,4
百々希,ももき,MomoKi,5
百々樹,ももき,MomoKi,5
百々輝,ももき,MomoKi,5
百々紀,ももき,MomoKi,5
百々恵,ももえ,MomoE,5
百々絵,ももえ,MomoE,5
百々江,ももえ,MomoE,5
百々世,ももよ,MomoYo,5
由香古,ゆかこ,YukaKo,5
由香胡,ゆかこ,YukaKo,5
由香瑚,ゆかこ,YukaKo,5
由香湖,ゆかこ,YukaKo,5
由佳子,ゆかこ,YukaKo,5
由佳古,ゆかこ,YukaKo,5
由佳胡,ゆかこ,YukaKo,5
由佳瑚,ゆかこ,YukaKo,5
由佳湖,ゆかこ,YukaKo,5
由夏子,ゆかこ,YukaKo,5
由夏古,ゆかこ,YukaKo,5
由夏胡,ゆかこ,YukaKo,5
由夏瑚,ゆかこ,YukaKo,5
由夏湖,ゆかこ,YukaKo,5
由花子,ゆかこ,YukaKo,5
由花古,ゆかこ,YukaKo,5
由花胡,ゆかこ,YukaKo,5
由花瑚,ゆかこ,YukaKo,5
由花湖,ゆかこ,YukaKo,5
結花古,ゆかこ,YukaKo,5
結花胡,ゆかこ,YukaKo,5
結花瑚,ゆかこ,YukaKo,5
結花湖,ゆかこ,YukaKo,5
結香子,ゆかこ,YukaKo,5
結香古,ゆかこ,YukaKo,5
結香胡,ゆかこ,YukaKo,5
結香瑚,ゆかこ,YukaKo,5
結香湖,ゆかこ,YukaKo,5
優花子,ゆかこ,YukaKo,5
優花古,ゆかこ,YukaKo,5
優花胡,ゆかこ,YukaKo,5
優花瑚,ゆかこ,YukaKo,5
優花湖,ゆかこ,YukaKo,5
優香子,ゆかこ,YukaKo,5
優香古,ゆかこ,YukaKo,5
優香胡,ゆかこ,YukaKo,5
優香瑚,ゆかこ,YukaKo,5
優香湖,ゆかこ,YukaKo,5
夕花子,ゆかこ,YukaKo,5
夕花古,ゆかこ,YukaKo,5
夕花胡,ゆかこ,YukaKo,5
夕花瑚,ゆかこ,YukaKo,5
夕花湖,ゆかこ,YukaKo,5
雪花子,ゆかこ,YukaKo,5
雪花古,ゆかこ,YukaKo,5
雪花胡,ゆかこ,YukaKo,5
雪花瑚,ゆかこ,YukaKo,5
雪花湖,ゆかこ,YukaKo,5
由紀古,ゆきこ,YukiKo,5
由紀胡,ゆきこ,YukiKo,5
由紀瑚,ゆきこ,YukiKo,5
由紀湖,ゆきこ,YukiKo,5
由希子,ゆきこ,YukiKo,5
由希古,ゆきこ,YukiKo,5
由希胡,ゆきこ,YukiKo,5
由希瑚,ゆきこ,YukiKo,5
由希湖,ゆきこ,YukiKo,5
雪古,ゆきこ,YukiKo,4
雪胡,ゆきこ,YukiKo,4
雪瑚,ゆきこ,YukiKo,4
雪湖,ゆきこ,YukiKo,4
雪希子,ゆきこ,YukiKo,5
雪希古,ゆきこ,YukiKo,5
雪希胡,ゆきこ,YukiKo,5
雪希瑚,ゆきこ,YukiKo,5
雪希湖,ゆきこ,YukiKo,5
優希子,ゆきこ,YukiKo,5
優希古,ゆきこ,YukiKo,5
優希胡,ゆきこ,YukiKo,5
優希瑚,ゆきこ,YukiKo,5
優希湖,ゆきこ,YukiKo,5
弓子,ゆきこ,YukiKo,4
弓古,ゆきこ,YukiKo,4
弓胡,ゆきこ,YukiKo,4
弓瑚,ゆきこ,YukiKo,4
弓湖,ゆきこ,YukiKo,4
由紀花,ゆきか,YukiKa,5
由紀香,ゆきか,YukiKa,5
由紀佳,ゆきか,YukiKa,5
由紀夏,ゆきか,YukiKa,5
由紀加,ゆきか,YukiKa,5
由紀架,ゆきか,YukiKa,5
由紀果,ゆきか,YukiKa,5
由紀歌,ゆきか,YukiKa,5
由希香,ゆきか,YukiKa,5
由希佳,ゆきか,YukiKa,5
由希夏,ゆきか,YukiKa,5
由希加,ゆきか,YukiKa,5
由希架,ゆきか,YukiKa,5
由希果,ゆきか,YukiKa,5
由希歌,ゆきか,YukiKa,5
雪香,ゆきか,YukiKa,4
雪佳,ゆきか,YukiKa,4
雪夏,ゆきか,YukiKa,4
雪加,ゆきか,YukiKa,4
雪架,ゆきか,YukiKa,4
雪果,ゆきか,YukiKa,4
雪歌,ゆきか,YukiKa,4
雪希花,ゆきか,YukiKa,5
雪希香,ゆきか,YukiKa,5
雪希佳,ゆきか,YukiKa,5
雪希夏,ゆきか,YukiKa,5
雪希加,ゆきか,YukiKa,5
雪希架,ゆきか,YukiKa,5
雪希果,ゆきか,YukiKa,5
雪希歌,ゆきか,YukiKa,5
優希花,ゆきか,YukiKa,5
優希香,ゆきか,YukiKa,5
優希佳,ゆきか,YukiKa,5
優希夏,ゆきか,YukiKa,5
優希加,ゆきか,YukiKa,5
優希架,ゆきか,YukiKa,5
優希果,ゆきか,YukiKa,5
優希歌,ゆきか,YukiKa,5
弓花,ゆきか,YukiKa,4
弓香,ゆきか,YukiKa,4
弓佳,ゆきか,YukiKa,4
弓夏,ゆきか,YukiKa,4
弓加,ゆきか,YukiKa,4
弓架,ゆきか,YukiKa,4
弓果,ゆきか,YukiKa,4
弓歌,ゆきか,YukiKa,4
由紀奈,ゆきな,YukiNa,5
由紀菜,ゆきな,YukiNa,5
由紀那,ゆきな,YukiNa,5
由紀南,ゆきな,YukiNa,5
由紀夏,ゆきな,YukiNa,5
由紀波,ゆきな,YukiNa,5
由希奈,ゆきな,YukiNa,5
由希菜,ゆきな,YukiNa,5
由希那,ゆきな,YukiNa,5
由希南,ゆきな,YukiNa,5
由希夏,ゆきな,YukiNa,5
由希波,ゆきな,YukiNa,5
雪那,ゆきな,YukiNa,4
雪南,ゆきな,YukiNa,4
雪夏,ゆきな,YukiNa,4
雪波,ゆきな,YukiNa,4
雪希奈,ゆきな,YukiNa,5
雪希菜,ゆきな,YukiNa,5
雪希那,ゆきな,YukiNa,5
雪希南,ゆきな,YukiNa,5
雪希夏,ゆきな,YukiNa,5
雪希波,ゆきな,YukiNa,5
優希奈,ゆきな,YukiNa,5
優希菜,ゆきな,YukiNa,5
優希那,ゆきな,YukiNa,5
優希南,ゆきな,YukiNa,5
優希夏,ゆきな,YukiNa,5
優希波,ゆきな,YukiNa,5
弓奈,ゆきな,YukiNa,4
弓菜,ゆきな,YukiNa,4
弓那,ゆきな,YukiNa,4
弓南,ゆきな,YukiNa,4
弓夏,ゆきな,YukiNa,4
弓波,ゆきな,YukiNa,4
由紀音,ゆきね,YukiNe,5
由紀嶺,ゆきね,YukiNe,5
由希嶺,ゆきね,YukiNe,5
雪嶺,ゆきね,YukiNe,4
雪希音,ゆきね,YukiNe,5
雪希嶺,ゆきね,YukiNe,5
優希音,ゆきね,YukiNe,5
優希嶺,ゆきね,YukiNe,5
弓音,ゆきね,YukiNe,4
弓嶺,ゆきね,YukiNe,4
由紀乃,ゆきの,YukiNo,5
由紀野,ゆきの,YukiNo,5
由希乃,ゆきの,YukiNo,5
由希野,ゆきの,YukiNo,5
雪野,ゆきの,YukiNo,4
雪希乃,ゆきの,YukiNo,5
雪希野,ゆきの,YukiNo,5
優希乃,ゆきの,YukiNo,5
優希野,ゆきの,YukiNo,5
弓乃,ゆきの,YukiNo,4
弓野,ゆきの,YukiNo,4
由紀美,ゆきみ,YukiMi,5
由紀実,ゆきみ,YukiMi,5
由紀海,ゆきみ,YukiMi,5
由紀未,ゆきみ,YukiMi,5
由希美,ゆきみ,YukiMi,5
由希実,ゆきみ,YukiMi,5
由希海,ゆきみ,YukiMi,5
由希未,ゆきみ,YukiMi,5
雪美,ゆきみ,YukiMi,4
雪海,ゆきみ,YukiMi,4
雪未,ゆきみ,YukiMi,4
雪希美,ゆきみ,YukiMi,5
雪希実,ゆきみ,YukiMi,5
雪希海,ゆきみ,YukiMi,5
雪希未,ゆきみ,YukiMi,5
優希美,ゆきみ,YukiMi,5
優希実,ゆきみ,YukiMi,5
優希海,ゆきみ,YukiMi,5
優希未,ゆきみ,YukiMi,5
弓美,ゆきみ,YukiMi,4
弓実,ゆきみ,YukiMi,4
弓海,ゆきみ,YukiMi,4
弓未,ゆきみ,YukiMi,4
由紀恵,ゆきえ,YukiE,5
由紀絵,ゆきえ,YukiE,5
由紀江,ゆきえ,YukiE,5
由希絵,ゆきえ,YukiE,5
由希江,ゆきえ,YukiE,5
雪絵,ゆきえ,YukiE,4
雪江,ゆきえ,YukiE,4
雪希恵,ゆきえ,YukiE,5
雪希絵,ゆきえ,YukiE,5
雪希江,ゆきえ,YukiE,5
優希恵,ゆきえ,YukiE,5
優希絵,ゆきえ,YukiE,5
優希江,ゆきえ,YukiE,5
弓恵,ゆきえ,YukiE,4
弓絵,ゆきえ,YukiE,4
弓江,ゆきえ,YukiE,4
由紀代,ゆきよ,YukiYo,5
由紀世,ゆきよ,YukiYo,5
由希代,ゆきよ,YukiYo,5
由希世,ゆきよ,YukiYo,5
雪世,ゆきよ,YukiYo,4
雪希代,ゆきよ,YukiYo,5
雪希世,ゆきよ,YukiYo,5
優希代,ゆきよ,YukiYo,5
優希世,ゆきよ,YukiYo,5
弓代,ゆきよ,YukiYo,4
弓世,ゆきよ,YukiYo,4
柚佳,ゆずか,YuzuKa,4
柚加,ゆずか,YuzuKa,4
柚架,ゆずか,YuzuKa,4
柚果,ゆずか,YuzuKa,4
柚歌,ゆずか,YuzuKa,4
柚子花,ゆずか,YuzuKa,5
柚子香,ゆずか,YuzuKa,5
柚子佳,ゆずか,YuzuKa,5
柚子夏,ゆずか,YuzuKa,5
柚子加,ゆずか,YuzuKa,5
柚子架,ゆずか,YuzuKa,5
柚子果,ゆずか,YuzuKa,5
柚子歌,ゆずか,YuzuKa,5
柚南,ゆずな,YuzuNa,4
柚波,ゆずな,YuzuNa,4
柚子奈,ゆずな,YuzuNa,5
柚子菜,ゆずな,YuzuNa,5
柚子那,ゆずな,YuzuNa,5
柚子南,ゆずな,YuzuNa,5
柚子夏,ゆずな,YuzuNa,5
柚子波,ゆずな,YuzuNa,5
柚子音,ゆずね,YuzuNe,5
柚子嶺,ゆずね,YuzuNe,5
柚未,ゆずみ,YuzuMi,4
柚子美,ゆずみ,YuzuMi,5
柚子実,ゆずみ,YuzuMi,5
柚子海,ゆずみ,YuzuMi,5
柚子未,ゆずみ,YuzuMi,5
柚紀,ゆずき,YuzuKi,4
柚子希,ゆずき,YuzuKi,5
柚子樹,ゆずき,YuzuKi,5
柚子輝,ゆずき,YuzuKi,5
柚子紀,ゆずき,YuzuKi,5
由美古,ゆみこ,YumiKo,5
由美胡,ゆみこ,YumiKo,5
由美瑚,ゆみこ,YumiKo,5
由美湖,ゆみこ,YumiKo,5
由実子,ゆみこ,YumiKo,5
由実古,ゆみこ,YumiKo,5
由実胡,ゆみこ,YumiKo,5
由実瑚,ゆみこ,YumiKo,5
由実湖,ゆみこ,YumiKo,5
結実子,ゆみこ,YumiKo,5
結実古,ゆみこ,YumiKo,5
結実胡,ゆみこ,YumiKo,5
結実瑚,ゆみこ,YumiKo,5
結実湖,ゆみこ,YumiKo,5
優実子,ゆみこ,YumiKo,5
優実古,ゆみこ,YumiKo,5
優実胡,ゆみこ,YumiKo,5
優実瑚,ゆみこ,YumiKo,5
優実湖,ゆみこ,YumiKo,5
弓古,ゆみこ,YumiKo,4
弓胡,ゆみこ,YumiKo,4
弓瑚,ゆみこ,YumiKo,4
弓湖,ゆみこ,YumiKo,4
由梨古,ゆりこ,YuriKo,5
由梨胡,ゆりこ,YuriKo,5
由梨瑚,ゆりこ,YuriKo,5
由梨湖,ゆりこ,YuriKo,5
百合古,ゆりこ,YuriKo,5
百合胡,ゆりこ,YuriKo,5
百合瑚,ゆりこ,YuriKo,5
百合湖,ゆりこ,YuriKo,5
友里古,ゆりこ,YuriKo,5
友里胡,ゆりこ,YuriKo,5
友里瑚,ゆりこ,YuriKo,5
友里湖,ゆりこ,YuriKo,5
柚莉子,ゆりこ,YuriKo,5
柚莉古,ゆりこ,YuriKo,5
柚莉胡,ゆりこ,YuriKo,5
柚莉瑚,ゆりこ,YuriKo,5
柚莉湖,ゆりこ,YuriKo,5
優里子,ゆりこ,YuriKo,5
優里古,ゆりこ,YuriKo,5
優里胡,ゆりこ,YuriKo,5
優里瑚,ゆりこ,YuriKo,5
優里湖,ゆりこ,YuriKo,5
由梨香,ゆりか,YuriKa,5
由梨佳,ゆりか,YuriKa,5
由梨夏,ゆりか,YuriKa,5
由梨加,ゆりか,YuriKa,5
由梨架,ゆりか,YuriKa,5
由梨果,ゆりか,YuriKa,5
由梨歌,ゆりか,YuriKa,5
百合香,ゆりか,YuriKa,5
百合佳,ゆりか,YuriKa,5
百合夏,ゆりか,YuriKa,5
百合加,ゆりか,YuriKa,5
百合架,ゆりか,YuriKa,5
百合果,ゆりか,YuriKa,5
百合歌,ゆりか,YuriKa,5
友里香,ゆりか,YuriKa,5
友里佳,ゆりか,YuriKa,5
友里夏,ゆりか,YuriKa,5
友里加,ゆりか,YuriKa,5
友里架,ゆりか,YuriKa,5
友里果,ゆりか,YuriKa,5
友里歌,ゆりか,YuriKa,5
柚莉花,ゆりか,YuriKa,5
柚莉香,ゆりか,YuriKa,5
柚莉佳,ゆりか,YuriKa,5
柚莉夏,ゆりか,YuriKa,5
柚莉加,ゆりか,YuriKa,5
柚莉架,ゆりか,YuriKa,5
柚莉果,ゆりか,YuriKa,5
柚莉歌,ゆりか,YuriKa,5
優里花,ゆりか,YuriKa,5
優里香,ゆりか,YuriKa,5
優里佳,ゆりか,YuriKa,5
優里夏,ゆりか,YuriKa,5
優里加,ゆりか,YuriKa,5
優里架,ゆりか,YuriKa,5
優里果,ゆりか,YuriKa,5
優里歌,ゆりか,YuriKa,5
由梨菜,ゆりな,YuriNa,5
由梨那,ゆりな,YuriNa,5
由梨南,ゆりな,YuriNa,5
由梨夏,ゆりな,YuriNa,5
由梨波,ゆりな,YuriNa,5
百合菜,ゆりな,YuriNa,5
百合那,ゆりな,YuriNa,5
百合南,ゆりな,YuriNa,5
百合夏,ゆりな,YuriNa,5
百合波,ゆりな,YuriNa,5
友里菜,ゆりな,YuriNa,5
友里那,ゆりな,YuriNa,5
友里南,ゆりな,YuriNa,5
友里夏,ゆりな,YuriNa,5
友里波,ゆりな,YuriNa,5
柚莉奈,ゆりな,YuriNa,5
柚莉菜,ゆりな,YuriNa,5
柚莉那,ゆりな,YuriNa,5
柚莉南,ゆりな,YuriNa,5
柚莉夏,ゆりな,YuriNa,5
柚莉波,ゆりな,YuriNa,5
優里奈,ゆりな,YuriNa,5
優里菜,ゆりな,YuriNa,5
優里那,ゆりな,YuriNa,5
優里南,ゆりな,YuriNa,5
優里夏,ゆりな,YuriNa,5
優里波,ゆりな,YuriNa,5
由梨嶺,ゆりね,YuriNe,5
百合嶺,ゆりね,YuriNe,5
友里嶺,ゆりね,YuriNe,5
柚莉音,ゆりね,YuriNe,5
柚莉嶺,ゆりね,YuriNe,5
優里音,ゆりね,YuriNe,5
優里嶺,ゆりね,YuriNe,5
玲古,れいこ,ReiKo,4
玲胡,れいこ,ReiKo,4
玲瑚,れいこ,ReiKo,4
玲湖,れいこ,ReiKo,4
怜古,れいこ,ReiKo,4
怜胡,れいこ,ReiKo,4
怜瑚,れいこ,ReiKo,4
怜湖,れいこ,ReiKo,4
令古,れいこ,ReiKo,4
令胡,れいこ,ReiKo,4
令瑚,れいこ,ReiKo,4
令湖,れいこ,ReiKo,4
伶古,れいこ,ReiKo,4
伶胡,れいこ,ReiKo,4
伶瑚,れいこ,ReiKo,4
伶湖,れいこ,ReiKo,4
麗古,れいこ,ReiKo,4
麗胡,れいこ,ReiKo,4
麗瑚,れいこ,ReiKo,4
麗湖,れいこ,ReiKo,4
礼古,れいこ,ReiKo,4
礼胡,れいこ,ReiKo,4
礼瑚,れいこ,ReiKo,4
礼湖,れいこ,ReiKo,4
黎子,れいこ,ReiKo,4
黎古,れいこ,ReiKo,4
黎胡,れいこ,ReiKo,4
黎瑚,れいこ,ReiKo,4
黎湖,れいこ,ReiKo,4
玲佳,れいか,ReiKa,4
玲夏,れいか,ReiKa,4
玲加,れいか,ReiKa,4
玲架,れいか,ReiKa,4
玲果,れいか,ReiKa,4
玲歌,れいか,ReiKa,4
怜花,れいか,ReiKa,4
怜佳,れいか,ReiKa,4
怜夏,れいか,ReiKa,4
怜加,れいか,ReiKa,4
怜架,れいか,ReiKa,4
怜果,れいか,ReiKa,4
怜歌,れいか,ReiKa,4
令花,れいか,ReiKa,4
令香,れいか,ReiKa,4
令佳,れいか,ReiKa,4
令夏,れいか,ReiKa,4
令加,れいか,ReiKa,4
令架,れいか,ReiKa,4
令果,れいか,ReiKa,4
令歌,れいか,ReiKa,4
伶花,れいか,ReiKa,4
伶香,れいか,ReiKa,4
伶佳,れいか,ReiKa,4
伶夏,れいか,ReiKa,4
伶加,れいか,ReiKa,4
伶架,れいか,ReiKa,4
伶果,れいか,ReiKa,4
伶歌,れいか,ReiKa,4
麗佳,れいか,ReiKa,4
麗夏,れいか,ReiKa,4
麗加,れいか,ReiKa,4
麗架,れいか,ReiKa,4
麗果,れいか,ReiKa,4
麗歌,れいか,ReiKa,4
礼花,れいか,ReiKa,4
礼香,れいか,ReiKa,4
礼佳,れいか,ReiKa,4
礼夏,れいか,ReiKa,4
礼加,れいか,ReiKa,4
礼架,れいか,ReiKa,4
礼果,れいか,ReiKa,4
礼歌,れいか,ReiKa,4
黎花,れいか,ReiKa,4
黎香,れいか,ReiKa,4
黎佳,れいか,ReiKa,4
黎夏,れいか,ReiKa,4
黎加,れいか,ReiKa,4
黎架,れいか,ReiKa,4
黎果,れいか,ReiKa,4
黎歌,れいか,ReiKa,4
玲那,れいな,ReiNa,4
玲南,れいな,ReiNa,4
玲夏,れいな,ReiNa,4
玲波,れいな,ReiNa,4
怜菜,れいな,ReiNa,4
怜那,れいな,ReiNa,4
怜南,れいな,ReiNa,4
怜夏,れいな,ReiNa,4
怜波,れいな,ReiNa,4
令菜,れいな,ReiNa,4
令那,れいな,ReiNa,4
令南,れいな,ReiNa,4
令夏,れいな,ReiNa,4
令波,れいな,ReiNa,4
伶奈,れいな,ReiNa,4
伶菜,れいな,ReiNa,4
伶那,れいな,ReiNa,4
伶南,れいな,ReiNa,4
伶夏,れいな,ReiNa,4
伶波,れいな,ReiNa,4
麗那,れいな,ReiNa,4
麗南,れいな,ReiNa,4
麗夏,れいな,ReiNa,4
麗波,れいな,ReiNa,4
礼奈,れいな,ReiNa,4
礼菜,れいな,ReiNa,4
礼那,れいな,ReiNa,4
礼南,れいな,ReiNa,4
礼夏,れいな,ReiNa,4
礼波,れいな,ReiNa,4
黎奈,れいな,ReiNa,4
黎菜,れいな,ReiNa,4
黎那,れいな,ReiNa,4
黎南,れいな,ReiNa,4
黎夏,れいな,ReiNa,4
黎波,れいな,ReiNa,4
玲嶺,れいね,ReiNe,4
怜嶺,れいね,ReiNe,4
令嶺,れいね,ReiNe,4
伶音,れいね,ReiNe,4
伶嶺,れいね,ReiNe,4
麗嶺,れいね,ReiNe,4
礼音,れいね,ReiNe,4
礼嶺,れいね,ReiNe,4
黎音,れいね,ReiNe,4
黎嶺,れいね,ReiNe,4
玲野,れいの,ReiNo,4
怜野,れいの,ReiNo,4
令野,れいの,ReiNo,4
伶乃,れいの,ReiNo,4
伶野,れいの,ReiNo,4
麗野,れいの,ReiNo,4
礼乃,れいの,ReiNo,4
礼野,れいの,ReiNo,4
黎乃,れいの,ReiNo,4
黎野,れいの,ReiNo,4
玲実,れいみ,ReiMi,4
玲海,れいみ,ReiMi,4
玲未,れいみ,ReiMi,4
怜美,れいみ,ReiMi,4
怜海,れいみ,ReiMi,4
怜未,れいみ,ReiMi,4
令美,れいみ,ReiMi,4
令実,れいみ,ReiMi,4
令海,れいみ,ReiMi,4
令未,れいみ,ReiMi,4
伶美,れいみ,ReiMi,4
伶実,れいみ,ReiMi,4
伶海,れいみ,ReiMi,4
伶未,れいみ,ReiMi,4
麗未,れいみ,ReiMi,4
礼美,れいみ,ReiMi,4
礼実,れいみ,ReiMi,4
礼海,れいみ,ReiMi,4
礼未,れいみ,ReiMi,4
黎美,れいみ,ReiMi,4
黎実,れいみ,ReiMi,4
黎海,れいみ,ReiMi,4
黎未,れいみ,ReiMi,4
凛胡,りんこ,RinKo,4
凛瑚,りんこ,RinKo,4
凛湖,りんこ,RinKo,4
凜古,りんこ,RinKo,4
凜胡,りんこ,RinKo,4
凜瑚,りんこ,RinKo,4
凜湖,りんこ,RinKo,4
麟子,りんこ,RinKo,4
麟古,りんこ,RinKo,4
麟胡,りんこ,RinKo,4
麟瑚,りんこ,RinKo,4
麟湖,りんこ,RinKo,4
凛佳,りんか,RinKa,4
凛夏,りんか,RinKa,4
凛加,りんか,RinKa,4
凛架,りんか,RinKa,4
凛果,りんか,RinKa,4
凛歌,りんか,RinKa,4
凜佳,りんか,RinKa,4
凜夏,りんか,RinKa,4
凜加,りんか,RinKa,4
凜架,りんか,RinKa,4
凜果,りんか,RinKa,4
凜歌,りんか,RinKa,4
麟香,りんか,RinKa,4
麟佳,りんか,RinKa,4
麟夏,りんか,RinKa,4
麟加,りんか,RinKa,4
麟架,りんか,RinKa,4
麟果,りんか,RinKa,4
麟歌,りんか,RinKa,4
凛南,りんな,RinNa,4
凛夏,りんな,RinNa,4
凛波,りんな,RinNa,4
凜那,りんな,RinNa,4
凜南,りんな,RinNa,4
凜夏,りんな,RinNa,4
凜波,りんな,RinNa,4
麟奈,りんな,RinNa,4
麟那,りんな,RinNa,4
麟南,りんな,RinNa,4
麟夏,りんな,RinNa,4
麟波,りんな,RinNa,4
凛嶺,りんね,RinNe,4
凜嶺,りんね,RinNe,4
麟嶺,りんね,RinNe,4
遙花,はるか,Haruka,1
遙香,はるか,Haruka,1
遙佳,はるか,Haruka,1
温花,はるか,Haruka,3
温香,はるか,Haruka,3
遙奈,はるな,Haruna,1
遙菜,はるな,Haruna,1
温奈,はるな,Haruna,3
温菜,はるな,Haruna,3
温南,はるな,Haruna,3
遙美,はるみ,Harumi,1
遙実,はるみ,Harumi,1
温美,はるみ,Harumi,3
温実,はるみ,Harumi,3
遙子,はるこ,Haruko,1
温子,はるこ,Haruko,3
温古,はるこ,Haruko,3
温音,はるね,Harune,3
遙音,はるね,Harune,2
温恵,はるえ,Harue,3
遙恵,はるえ,Harue,2
温江,はるえ,Harue,3
温代,はるよ,Haruyo,3
遙代,はるよ,Haruyo,2
章子,あきこ,Akiko,3
結花,ゆきか,Yukika,2
優花,ゆきか,Yukika,2
友花,ゆきか,Yukika,2
悠花,ゆきか,Yukika,2
結菜,ゆきな,Yukina,2
優菜,ゆきな,Yukina,2
友菜,ゆきな,Yukina,2
悠菜,ゆきな,Yukina,2
結音,ゆきね,Yukine,2
優音,ゆきね,Yukine,2
友音,ゆきね,Yukine,2
悠音,ゆきね,Yukine,2
結実,ゆきみ,Yukimi,2
優実,ゆきみ,Yukimi,2
友実,ゆきみ,Yukimi,2
悠実,ゆきみ,Yukimi,2
結乃,ゆきの,Yukino,2
優乃,ゆきの,Yukino,2
友乃,ゆきの,Yukino,2
悠乃,ゆきの,Yukino,2
実花,みか,Mika,1
実香,みか,Mika,1
海花,みか,Mika,1
海香,みか,Mika,1
碧花,みか,Mika,1
瑛花,みか,Mika,1
実奈,みな,Mina,1
海奈,みな,Mina,1
碧奈,みな,Mina,1
三奈,みな,Mina,1
海菜,みな,Mina,1
海帆,みほ,Miho,1
三穂,みほ,Miho,1
三帆,みほ,Miho,1
海乃,みの,Mino,2
三乃,みの,Mino,2
碧乃,みの,Mino,2
理佳,りか,Rika,1
梨夏,りか,Rika,1
莉夏,りか,Rika,1
莉那,りな,Rina,4
麗菜,りな,Rina,1
鈴奈,りな,Rina,1
梨野,りの,Rino,2
璃野,りの,Rino,2
梨帆,りほ,Riho,2
璃穂,りほ,Riho,2
梨海,りみ,Rimi,2
理絵,りえ,Rie,2
梨紗,りさ,Risa,2
璃紗,りさ,Risa,2
凛沙,りさ,Risa,2
梨胡,りこ,Riko,4
璃胡,りこ,Riko,4
理胡,りこ,Riko,4
莉胡,りこ,Riko,4
梨亜,りあ,Ria,3
璃亜,りあ,Ria,3
莉亜,りあ,Ria,3
颯奈,さな,Sana,1
砂奈,さな,Sana,1
砂菜,さな,Sana,1
左奈,さな,Sana,3
颯香,さか,Saka,2
砂花,さか,Saka,2
左花,さか,Saka,3
砂希,さき,Saki,1
左希,さき,Saki,3
佐紀,さき,Saki,1
幸希,さき,Saki,1
砂実,さみ,Sami,2
左実,さみ,Sami,3
佐実,さみ,Sami,2
砂絵,さえ,Sae,2
左絵,さえ,Sae,3
佐絵,さえ,Sae,2
砂穂,さほ,Saho,2
左帆,さほ,Saho,3
佐帆,さほ,Saho,2
砂里,さり,Sari,2
左里,さり,Sari,3
佐里,さり,Sari,2
砂代,さよ,Sayo,2
左代,さよ,Sayo,3
佐代,さよ,Sayo,2
砂音,さのん,Sanon,2
左音,さのん,Sanon,3
佐音,さのん,Sanon,2
礼香,あやか,Ayaka,1
礼奈,あやな,Ayana,1
礼音,あやね,Ayane,1
礼乃,あやの,Ayano,2
礼実,あやみ,Ayami,2
礼子,あやこ,Ayako,2
万那,まな,Mana,4
茉那,まな,Mana,4
麻那,まな,Mana,4
万佳,まか,Maka,2
茉佳,まか,Maka,2
麻佳,まか,Maka,2
真佳,まか,Maka,2
万美,まみ,Mami,1
茉美,まみ,Mami,1
麻海,まみ,Mami,1
真海,まみ,Mami,1
茉帆,まほ,Maho,2
麻帆,まほ,Maho,2
麻音,まのん,Manon,2
萌夏,もか,Moka,2
百花,もか,Moka,3
百香,もか,Moka,3
萌南,もな,Mona,3
百奈,もな,Mona,3
百菜,もな,Mona,3
萌嶺,もね,Mone,2
百音,もね,Mone,3
花波,かなみ,Kanami,2
花実,かなみ,Kanami,2
花奈菜,かなな,Kanana,3
叶苗,かなえ,Kanae,3
奏苗,かなえ,Kanae,3
